Iter,Time,Process,CPU Usage,Memory Usage,Disk Read Count,Disk Write Count,Disk Read Bytes,Disk Write Bytes
1,2025-02-09 09:38:29,DuckDuckGo.exe,17.1,3.1166301199643276,58198,21682,68786344,75824630
1,2025-02-09 09:38:39,DuckDuckGo.exe,0.3,3.2897140696938396,58227,21694,68938676,75835112
1,2025-02-09 09:38:49,DuckDuckGo.exe,8.1,3.391010143716846,59504,22401,69524084,80545998
1,2025-02-09 09:38:59,DuckDuckGo.exe,18.4,3.5633399680153515,62024,23616,71031528,88643579
1,2025-02-09 09:39:09,DuckDuckGo.exe,13.1,3.3874584562030705,65427,24552,76738922,89020690
1,2025-02-09 09:39:19,DuckDuckGo.exe,2.2,3.392567047832473,68256,25219,79663242,89679490
1,2025-02-09 09:39:29,DuckDuckGo.exe,0.9,3.393880685680034,68653,25376,79871222,89695188
1,2025-02-09 09:39:39,DuckDuckGo.exe,0.0,3.393637419411967,69151,25566,80006852,89713689
1,2025-02-09 09:39:49,DuckDuckGo.exe,0.6,3.3861204917287036,69567,25714,80109924,89726941
1,2025-02-09 09:39:59,DuckDuckGo.exe,0.0,3.3870449035473573,69767,25778,80160746,89733278
1,2025-02-09 09:40:09,DuckDuckGo.exe,1.2,3.386777310652484,71348,26384,80453592,89785915
1,2025-02-09 09:40:19,DuckDuckGo.exe,1.6,3.388455847902145,72697,26920,80696790,89831820
1,2025-02-09 09:40:29,DuckDuckGo.exe,3.4,3.3871665366813906,73069,27078,80770620,90620950
1,2025-02-09 09:40:39,DuckDuckGo.exe,13.1,3.522714501248199,74330,27896,81224285,92978882
1,2025-02-09 09:40:49,DuckDuckGo.exe,3.4,3.5389646879550605,75834,28654,81618526,97140720
1,2025-02-09 09:40:59,DuckDuckGo.exe,0.6,3.5229334408894593,76274,28817,81769608,97173144
1,2025-02-09 09:41:09,DuckDuckGo.exe,0.0,3.523176707157526,76764,28993,81854652,97201077
1,2025-02-09 09:41:19,DuckDuckGo.exe,1.2,3.5234199734255927,77385,29215,81961180,97229948
1,2025-02-09 09:41:29,DuckDuckGo.exe,0.9,3.5359968394846453,77770,29328,82006996,97249935
1,2025-02-09 09:41:39,DuckDuckGo.exe,0.0,3.535923859604225,77959,29353,82032892,97252735
1,2025-02-09 09:41:49,DuckDuckGo.exe,0.0,3.5347318548906976,78160,29390,82058998,97256602
1,2025-02-09 09:41:59,DuckDuckGo.exe,2.2,3.5355346335753186,80069,30166,82393936,97329315
1,2025-02-09 09:42:10,DuckDuckGo.exe,0.0,3.535729246589772,80842,30432,82515336,97358921
1,2025-02-09 09:42:20,DuckDuckGo.exe,0.0,3.536191452499099,81095,30466,82544456,97362729
1,2025-02-09 09:42:30,DuckDuckGo.exe,0.3,3.5370428844373323,81518,30605,82599274,97384836
1,2025-02-09 09:42:40,DuckDuckGo.exe,0.0,3.535777899843385,81734,30653,82625725,97392518
1,2025-02-09 09:42:50,DuckDuckGo.exe,0.0,3.535826553096998,82130,30749,82678243,97407829
1,2025-02-09 09:43:00,DuckDuckGo.exe,0.0,3.5358995329774183,82322,30816,82710116,97417050
1,2025-02-09 09:43:10,DuckDuckGo.exe,0.3,3.535850879723805,82480,30850,82729363,97423168
1,2025-02-09 09:43:20,DuckDuckGo.exe,0.6,3.536823944796072,83061,31059,82818221,97457174
1,2025-02-09 09:43:30,DuckDuckGo.exe,0.9,3.5372131708249794,83698,31265,82930909,97488300
1,2025-02-09 09:43:40,DuckDuckGo.exe,0.3,3.537067211064139,83747,31275,82936845,97489420
1,2025-02-09 09:43:50,DuckDuckGo.exe,0.0,3.537067211064139,83757,31275,82937593,97489420
1,2025-02-09 09:44:00,DuckDuckGo.exe,0.0,3.536094145991872,83773,31277,82944377,97489644
1,2025-02-09 09:44:10,DuckDuckGo.exe,0.0,3.5358022264701914,83803,31283,82947737,97490316
1,2025-02-09 09:44:20,DuckDuckGo.exe,0.6,3.537067211064139,83871,31292,83046129,97491324
1,2025-02-09 09:44:30,DuckDuckGo.exe,0.0,3.5368725980496856,83876,31292,83046801,97491324
1,2025-02-09 09:44:40,DuckDuckGo.exe,0.0,3.5368725980496856,83886,31292,83047921,97491324
1,2025-02-09 09:44:50,DuckDuckGo.exe,0.0,3.5361671258722924,83890,31292,83048369,97491324
1,2025-02-09 09:45:00,DuckDuckGo.exe,0.0,3.5360454927382587,84105,31349,83108412,97500018
1,2025-02-09 09:45:10,DuckDuckGo.exe,0.3,3.5361427992454857,84386,31381,83145236,97503602
1,2025-02-09 09:45:20,DuckDuckGo.exe,0.0,3.535948186231032,84592,31398,83168756,97505506
1,2025-02-09 09:45:30,DuckDuckGo.exe,0.9,3.536288759006325,85195,31605,83269206,97523884
1,2025-02-09 09:45:40,DuckDuckGo.exe,0.3,3.534902141278345,85446,31640,83298102,97527804
1,2025-02-09 09:45:50,DuckDuckGo.exe,0.0,3.534902141278345,85623,31660,83318150,97530044
1,2025-02-09 09:46:00,DuckDuckGo.exe,0.6,3.534804834771118,85743,31672,83336694,97531388
1,2025-02-09 09:46:11,DuckDuckGo.exe,1.6,3.535072427665992,85989,31739,83368662,97540876
1,2025-02-09 09:46:21,DuckDuckGo.exe,0.0,3.534877814651538,86061,31755,83377250,97542668
1,2025-02-09 09:46:31,DuckDuckGo.exe,0.0,3.5348534880247313,86083,31767,83427522,97591820
1,2025-02-09 09:46:41,DuckDuckGo.exe,0.3,3.5349994477855717,86565,31935,83514954,97609475
1,2025-02-09 09:46:51,DuckDuckGo.exe,0.9,3.537432110466239,86792,31961,83549402,97612387
1,2025-02-09 09:47:01,DuckDuckGo.exe,8.4,3.5933103722411786,87780,32476,84059207,101904487
1,2025-02-09 09:47:11,DuckDuckGo.exe,0.0,3.5867908362569887,89367,32912,87853067,101975527
1,2025-02-09 09:47:21,DuckDuckGo.exe,0.3,3.5859637309455614,89544,32930,88281195,101977543
1,2025-02-09 09:47:31,DuckDuckGo.exe,0.0,3.585404218529008,89671,32932,88295419,101977767
1,2025-02-09 09:47:41,DuckDuckGo.exe,0.0,3.5886883131479093,90156,33030,89439867,102023973
1,2025-02-09 09:47:51,DuckDuckGo.exe,0.0,3.5903425237707633,90272,33049,89633203,102026101
1,2025-02-09 09:48:01,DuckDuckGo.exe,0.0,3.5797361144830515,90408,33079,89841023,102044820
1,2025-02-09 09:48:11,DuckDuckGo.exe,0.3,3.5817308978811995,90443,33085,90025735,102045492
1,2025-02-09 09:48:21,DuckDuckGo.exe,0.3,3.5819984907760727,90570,33087,90040227,102045746
1,2025-02-09 09:48:31,DuckDuckGo.exe,1.9,3.585087972380521,91437,33438,90398101,102104793
1,2025-02-09 09:48:41,DuckDuckGo.exe,0.0,3.5830688623555664,91591,33464,90470729,102107705
1,2025-02-09 09:48:51,DuckDuckGo.exe,0.6,3.582801269460693,91917,33564,90532018,102116502
1,2025-02-09 09:49:01,DuckDuckGo.exe,0.0,3.5806848529285125,92135,33585,90576178,102118854
1,2025-02-09 09:49:11,DuckDuckGo.exe,0.6,3.5807821594357394,92383,33621,90605074,102122886
1,2025-02-09 09:49:21,DuckDuckGo.exe,0.3,3.581001099076999,92601,33647,90629602,102125798
1,2025-02-09 09:49:31,DuckDuckGo.exe,0.0,3.581025425703806,92736,33667,90662050,102128038
1,2025-02-09 09:49:41,DuckDuckGo.exe,0.0,3.581001099076999,92922,33693,90683442,102130950
1,2025-02-09 09:49:51,DuckDuckGo.exe,0.0,3.580222647019186,92926,33693,90683890,102130950
1,2025-02-09 09:50:01,DuckDuckGo.exe,0.6,3.580319953526412,93936,34096,90887857,102165673
1,2025-02-09 09:50:12,DuckDuckGo.exe,0.3,3.581268691971873,94272,34195,90942920,102174892
1,2025-02-09 09:50:22,DuckDuckGo.exe,0.3,3.5815119582399393,94482,34220,90966552,102177692
1,2025-02-09 09:50:32,DuckDuckGo.exe,0.0,3.5816579180007793,94733,34252,90996008,102181276
1,2025-02-09 09:50:42,DuckDuckGo.exe,0.0,3.581974164149266,94876,34272,91012248,102183516
1,2025-02-09 09:50:52,DuckDuckGo.exe,0.0,3.582047144029686,94983,34282,91024344,102184636
1,2025-02-09 09:51:02,DuckDuckGo.exe,0.3,3.5819984907760727,95327,34392,91093593,102194553
1,2025-02-09 09:51:12,DuckDuckGo.exe,0.3,3.5820957972832996,95545,34413,91161633,102196905
1,2025-02-09 09:51:22,DuckDuckGo.exe,0.0,3.5797361144830515,95667,34436,91175857,102199481
1,2025-02-09 09:51:32,DuckDuckGo.exe,0.3,3.579882074243892,96040,34534,91232249,102208321
1,2025-02-09 09:51:42,DuckDuckGo.exe,0.0,3.579857747617085,96202,34558,91250953,102211009
1,2025-02-09 09:51:52,DuckDuckGo.exe,0.0,3.5799793807511184,96318,34568,91286185,102212129
1,2025-02-09 09:52:02,DuckDuckGo.exe,0.0,3.5800766872583454,96418,34587,91331249,102214257
1,2025-02-09 09:52:12,DuckDuckGo.exe,0.6,3.5801496671387656,96614,34597,91382137,102215377
1,2025-02-09 09:52:22,DuckDuckGo.exe,15.6,3.731704552144368,97442,35129,91705939,106320733
1,2025-02-09 09:52:32,DuckDuckGo.exe,0.9,3.6180505517035693,98377,35650,91995470,106636251
1,2025-02-09 09:52:42,DuckDuckGo.exe,0.0,3.61247975416484,98405,35664,91998234,106637819
1,2025-02-09 09:52:52,DuckDuckGo.exe,0.0,3.613282532849461,98559,35684,92197866,106646531
1,2025-02-09 09:53:02,DuckDuckGo.exe,1.2,3.6153016428744147,98775,35764,92389364,106665494
1,2025-02-09 09:53:12,DuckDuckGo.exe,0.0,3.6157638487837414,98915,35788,92766108,106668182
1,2025-02-09 09:53:22,DuckDuckGo.exe,4.4,3.617320752899369,100007,36762,93410426,107259792
1,2025-02-09 09:53:32,DuckDuckGo.exe,9.3,3.6256647858940596,101813,37772,94404691,108276776
1,2025-02-09 09:53:42,DuckDuckGo.exe,0.3,3.6217238723513776,101921,38101,94549795,108333189
1,2025-02-09 09:53:52,DuckDuckGo.exe,0.0,3.6212130131884375,101929,38105,94550691,108333637
1,2025-02-09 09:54:03,DuckDuckGo.exe,0.3,3.619120923283063,101947,38110,94562691,108334197
1,2025-02-09 09:54:13,DuckDuckGo.exe,0.0,3.6189992901490298,101969,38113,94599827,108334533
1,2025-02-09 09:54:23,DuckDuckGo.exe,0.0,3.6191452499098697,101971,38113,94600051,108334533
1,2025-02-09 09:54:33,DuckDuckGo.exe,3.4,3.624716047448599,102288,38264,94719819,108363461
1,2025-02-09 09:54:43,DuckDuckGo.exe,0.0,3.61921822979029,102531,38364,94776320,108379575
1,2025-02-09 09:54:53,DuckDuckGo.exe,5.3,3.717522128716075,103900,39221,95303563,109010449
1,2025-02-09 09:55:03,DuckDuckGo.exe,0.0,3.61299061332778,104865,39548,95673403,109127404
1,2025-02-09 09:55:13,DuckDuckGo.exe,4.4,3.614766457084668,105603,39975,95977299,109422550
1,2025-02-09 09:55:23,DuckDuckGo.exe,0.9,3.6636143237124768,105627,40245,95991471,109460582
1,2025-02-09 09:55:33,DuckDuckGo.exe,2.2,3.671885376826747,106673,40838,96391801,110010490
1,2025-02-09 09:55:43,DuckDuckGo.exe,0.0,3.6612546409122286,106721,40869,96405049,110017966
1,2025-02-09 09:55:53,DuckDuckGo.exe,0.0,3.6615222338071027,106873,40922,96425893,110026486
1,2025-02-09 09:56:03,DuckDuckGo.exe,0.3,3.6615708870607158,107136,40980,96464497,110035625
1,2025-02-09 09:56:13,DuckDuckGo.exe,0.6,3.6615708870607158,107417,41012,96513393,110039209
1,2025-02-09 09:56:23,DuckDuckGo.exe,0.6,3.659819369930635,107526,41020,96534241,110040105
1,2025-02-09 09:56:33,DuckDuckGo.exe,0.3,3.6597220634234082,107701,41036,96562745,110041897
1,2025-02-09 09:56:43,DuckDuckGo.exe,0.9,3.659843696557442,108470,41314,96694690,110066358
1,2025-02-09 09:56:53,DuckDuckGo.exe,0.9,3.6602085959595416,108707,41338,96802250,110069046
1,2025-02-09 09:57:03,DuckDuckGo.exe,0.0,3.660695128495675,109010,41375,96869482,110073190
1,2025-02-09 09:57:13,DuckDuckGo.exe,0.3,3.6608410882565154,109243,41397,96895802,110075654
1,2025-02-09 09:57:23,DuckDuckGo.exe,0.0,3.660987048017356,109372,41421,96910698,110078342
1,2025-02-09 09:57:33,DuckDuckGo.exe,0.0,3.6604032089739955,109395,41425,96913274,110078790
1,2025-02-09 09:57:43,DuckDuckGo.exe,0.3,3.6605248421080288,109521,41435,96944906,110079910
1,2025-02-09 09:57:54,DuckDuckGo.exe,0.0,3.660597821988449,109635,41445,96957898,110081030
1,2025-02-09 09:58:04,DuckDuckGo.exe,0.3,3.6608410882565154,109992,41520,97005470,110088362
1,2025-02-09 09:58:14,DuckDuckGo.exe,0.3,3.661400600673069,110156,41559,97062046,110093474
1,2025-02-09 09:58:24,DuckDuckGo.exe,3.1,3.6619844397164294,110603,41771,97226329,110127297
1,2025-02-09 09:58:34,DuckDuckGo.exe,0.0,3.669914920055406,110673,41801,97238255,110134039
1,2025-02-09 09:58:44,DuckDuckGo.exe,0.0,3.66981761354818,110683,41801,97239375,110134039
1,2025-02-09 09:58:54,DuckDuckGo.exe,0.6,3.691833210808223,110810,41852,97299737,110142262
1,2025-02-09 09:59:04,DuckDuckGo.exe,0.0,3.6747559187899355,110818,41854,97305483,110142486
1,2025-02-09 09:59:14,DuckDuckGo.exe,0.0,3.6744153460146416,110830,41854,97306827,110142486
1,2025-02-09 09:59:24,DuckDuckGo.exe,0.0,3.6731017081670814,110836,41854,97307499,110142486
1,2025-02-09 09:59:34,DuckDuckGo.exe,0.0,3.6731017081670814,110838,41854,97307723,110142486
1,2025-02-09 09:59:44,DuckDuckGo.exe,0.0,3.672882768525821,110870,41876,97398955,110232598
1,2025-02-09 09:59:54,DuckDuckGo.exe,0.0,3.669501367399693,110876,41876,97399627,110232598
1,2025-02-09 10:00:04,DuckDuckGo.exe,0.0,3.6698419401749867,110897,41882,97426699,110241062
1,2025-02-09 10:00:14,DuckDuckGo.exe,0.3,3.6696959804141462,110925,41888,97429947,110241734
1,2025-02-09 10:00:24,DuckDuckGo.exe,0.0,3.6687229153418794,110931,41888,97430619,110241734
1,2025-02-09 10:00:34,DuckDuckGo.exe,0.0,3.6687229153418794,110933,41888,97430843,110241734
1,2025-02-09 10:00:44,DuckDuckGo.exe,2.5,3.6785022193181636,111068,41947,97453204,110250486
1,2025-02-09 10:00:54,DuckDuckGo.exe,0.6,3.6738315069712812,111538,42161,97583268,110280523
1,2025-02-09 10:01:04,DuckDuckGo.exe,0.3,3.6569974812210604,111915,42275,97864441,110306623
1,2025-02-09 10:01:14,DuckDuckGo.exe,0.3,3.6574353605035803,112072,42283,98104713,110314015
1,2025-02-09 10:01:24,DuckDuckGo.exe,0.0,3.657556993637614,112176,42294,98290121,110315247
1,2025-02-09 10:01:34,DuckDuckGo.exe,0.0,3.6575083403840005,112244,42300,98312905,110315919
1,2025-02-09 10:01:45,DuckDuckGo.exe,0.3,3.6581408326809743,112339,42309,98554297,110316927
1,2025-02-09 10:01:55,DuckDuckGo.exe,0.0,3.6591868776336614,112397,42318,98676057,110317935
1,2025-02-09 10:02:05,DuckDuckGo.exe,0.0,3.6591868776336614,112415,42323,98688057,110318495
1,2025-02-09 10:02:15,DuckDuckGo.exe,0.0,3.659649083542988,112463,42332,98856505,110319503
1,2025-02-09 10:02:25,DuckDuckGo.exe,0.0,3.659649083542988,112465,42332,98856729,110319503
1,2025-02-09 10:02:35,DuckDuckGo.exe,0.0,3.659649083542988,112469,42332,98857177,110319503
1,2025-02-09 10:02:45,DuckDuckGo.exe,2.8,3.657265074115934,113364,42699,99133973,110382450
1,2025-02-09 10:02:55,DuckDuckGo.exe,1.2,3.657289400742741,115273,43473,99527193,110449646
1,2025-02-09 10:03:05,DuckDuckGo.exe,0.6,3.6572164208623206,115719,43591,99616283,110460576
1,2025-02-09 10:03:15,DuckDuckGo.exe,0.3,3.657192094235514,115987,43623,99646635,110464160
1,2025-02-09 10:03:25,DuckDuckGo.exe,0.0,3.6573380539963543,116082,43629,99657275,110464832
1,2025-02-09 10:03:35,DuckDuckGo.exe,0.0,3.657459687130387,116266,43645,99682379,110466624
1,2025-02-09 10:03:45,DuckDuckGo.exe,0.3,3.6575813202644207,116456,43671,99724651,110469536
1,2025-02-09 10:03:55,DuckDuckGo.exe,0.3,3.6578245865324877,116685,43693,99758763,110472000
1,2025-02-09 10:04:05,DuckDuckGo.exe,0.3,3.657970546293327,116921,43719,99785867,110474912
1,2025-02-09 10:04:15,DuckDuckGo.exe,0.6,3.6582867924418143,117128,43744,99809387,110477712
1,2025-02-09 10:04:25,DuckDuckGo.exe,0.0,3.658505732083074,117228,43753,99834707,110478720
1,2025-02-09 10:04:35,DuckDuckGo.exe,0.3,3.6587246717243347,117393,43765,99853299,110480064
1,2025-02-09 10:04:45,DuckDuckGo.exe,0.6,3.6575083403840005,117553,43787,99871891,110482528
1,2025-02-09 10:04:55,DuckDuckGo.exe,0.0,3.6474127902592293,117741,43815,99893283,110485664
1,2025-02-09 10:05:05,DuckDuckGo.exe,0.0,3.6474127902592293,117800,43823,99900003,110486560
1,2025-02-09 10:05:15,DuckDuckGo.exe,0.0,3.6475830766468764,117911,43825,99924355,110486784
1,2025-02-09 10:05:25,DuckDuckGo.exe,0.0,3.647802016288136,118173,43881,99984081,110492294
1,2025-02-09 10:05:35,DuckDuckGo.exe,0.0,3.647899322795363,118199,43881,99986993,110492294
1,2025-02-09 10:05:46,DuckDuckGo.exe,0.9,3.64806960918301,118622,44019,100078547,110504505
1,2025-02-09 10:05:56,DuckDuckGo.exe,0.9,3.6483858553314965,119021,44139,100141972,110522972
1,2025-02-09 10:06:06,DuckDuckGo.exe,0.3,3.6484588352119167,119200,44162,100167492,110525548
1,2025-02-09 10:06:16,DuckDuckGo.exe,1.6,3.650113045834771,119862,44417,100289143,110563783
1,2025-02-09 10:06:26,DuckDuckGo.exe,0.0,3.64865344822637,120020,44421,100306951,110564231
1,2025-02-09 10:06:36,DuckDuckGo.exe,0.0,3.646926257723096,120277,44477,100341124,110576877
1,2025-02-09 10:06:46,DuckDuckGo.exe,0.3,3.646926257723096,120400,44485,100355124,110577773
1,2025-02-09 10:06:56,DuckDuckGo.exe,1.2,3.6490670008820834,120869,44652,100410321,110608366
1,2025-02-09 10:07:06,DuckDuckGo.exe,0.0,3.646901931096289,121272,44759,100524678,110633165
1,2025-02-09 10:07:16,DuckDuckGo.exe,0.0,3.6482885488242696,121527,44870,100631551,110658340
1,2025-02-09 10:07:26,DuckDuckGo.exe,0.0,3.6458072328899886,121702,44942,100656444,110672778
1,2025-02-09 10:07:36,DuckDuckGo.exe,0.0,3.6458072328899886,121809,44956,100681020,110674346
1,2025-02-09 10:07:46,DuckDuckGo.exe,0.3,3.6458072328899886,122047,44988,100708236,110677930
1,2025-02-09 10:07:56,DuckDuckGo.exe,1.2,3.6495048801646037,122868,45317,100972803,110729863
1,2025-02-09 10:08:06,DuckDuckGo.exe,0.3,3.6478506695417496,123000,45331,100987699,110731431
1,2025-02-09 10:08:16,DuckDuckGo.exe,0.3,3.647899322795363,123184,45367,101016735,110734955
1,2025-02-09 10:08:26,DuckDuckGo.exe,0.0,3.647802016288136,123388,45389,101039919,110737419
1,2025-02-09 10:08:36,DuckDuckGo.exe,0.0,3.64792364942217,123600,45411,101063999,110739883
1,2025-02-09 10:08:46,DuckDuckGo.exe,0.9,3.647096544110742,124071,45549,101137245,110752545
1,2025-02-09 10:08:56,DuckDuckGo.exe,0.0,3.646488378440576,124180,45573,101164397,110755233
1,2025-02-09 10:09:06,DuckDuckGo.exe,3.8,3.6502103523419973,124601,45756,101292447,110794432
1,2025-02-09 10:09:16,DuckDuckGo.exe,0.0,3.649042674255277,124972,45872,101420797,110804768
1,2025-02-09 10:09:26,DuckDuckGo.exe,0.0,3.6488967144944366,124995,45876,101428549,110805216
1,2025-02-09 10:09:36,DuckDuckGo.exe,0.3,3.64894536774805,125077,45886,101470525,110806336
1,2025-02-09 10:09:47,DuckDuckGo.exe,0.0,3.6497481464326706,125150,45895,101545325,110807344
1,2025-02-09 10:09:57,DuckDuckGo.exe,0.6,3.54643296238471,125296,45911,101606509,110809136
1,2025-02-09 10:10:07,DuckDuckGo.exe,0.0,3.5449003848958895,125393,45931,101628805,110811376
1,2025-02-09 10:10:17,DuckDuckGo.exe,0.0,3.5449976914031156,125535,45935,101664605,110811824
1,2025-02-09 10:10:27,DuckDuckGo.exe,0.0,3.5451193245371493,125753,45965,101715637,110815184
1,2025-02-09 10:10:37,DuckDuckGo.exe,1.2,3.5452166310443762,126587,46261,101858627,110841478
1,2025-02-09 10:10:47,DuckDuckGo.exe,0.0,3.5452166310443762,126873,46285,101890403,110844166
1,2025-02-09 10:10:57,DuckDuckGo.exe,0.0,3.545654510326896,127558,46516,102011565,110866464
1,2025-02-09 10:11:07,DuckDuckGo.exe,0.6,3.545654510326896,127670,46524,102024109,110867360
1,2025-02-09 10:11:17,DuckDuckGo.exe,0.0,3.5455085505660557,127760,46524,102034189,110867360
1,2025-02-09 10:11:27,DuckDuckGo.exe,0.0,3.545581530446476,127832,46524,102042253,110867360
1,2025-02-09 10:11:37,DuckDuckGo.exe,0.3,3.545581530446476,127907,46524,102050653,110867360
1,2025-02-09 10:11:47,DuckDuckGo.exe,0.0,3.545581530446476,127916,46524,102051661,110867360
1,2025-02-09 10:11:57,DuckDuckGo.exe,0.6,3.5456301837000894,128146,46588,102088457,110873004
1,2025-02-09 10:12:07,DuckDuckGo.exe,0.3,3.5458247967145433,128281,46608,102104025,110875244
1,2025-02-09 10:12:17,DuckDuckGo.exe,0.0,3.5460194097289968,128457,46628,102124409,110877484
1,2025-02-09 10:12:27,DuckDuckGo.exe,0.0,3.5461410428630296,128555,46647,102135609,110879612
1,2025-02-09 10:12:37,DuckDuckGo.exe,0.3,3.5462626759970632,128753,46671,102199977,110882300
1,2025-02-09 10:12:47,DuckDuckGo.exe,0.9,3.5465545955187436,129000,46703,102227977,110885884
1,2025-02-09 10:12:57,DuckDuckGo.exe,0.0,3.5467492085331966,129188,46727,102254921,110888572
1,2025-02-09 10:13:07,DuckDuckGo.exe,3.4,3.544438178986562,129995,47047,102422999,110916538
1,2025-02-09 10:13:17,DuckDuckGo.exe,0.0,3.5446571186278226,130758,47297,102626963,110938950
1,2025-02-09 10:13:27,DuckDuckGo.exe,0.3,3.5445598121205957,131035,47370,102811283,111094534
1,2025-02-09 10:13:38,DuckDuckGo.exe,0.9,3.544705771881436,131425,47486,102882701,111105240
1,2025-02-09 10:13:48,DuckDuckGo.exe,0.3,3.545046344656729,131952,47659,103006314,111121002
1,2025-02-09 10:13:58,DuckDuckGo.exe,5.3,3.654881064688879,134063,48852,103819117,115598972
1,2025-02-09 10:14:08,DuckDuckGo.exe,7.2,3.772597611806393,135479,49729,104311489,119982957
1,2025-02-09 10:14:18,DuckDuckGo.exe,0.0,3.6639548964877697,135749,49870,104391051,120004444
1,2025-02-09 10:14:28,DuckDuckGo.exe,0.0,3.6618628065823957,135793,49880,104395979,120005564
1,2025-02-09 10:14:38,DuckDuckGo.exe,2.2,3.6610843545245824,136308,50047,104493855,120020712
1,2025-02-09 10:14:48,DuckDuckGo.exe,0.0,3.6605491687348355,136510,50084,104516927,120024856
1,2025-02-09 10:14:58,DuckDuckGo.exe,0.0,3.248699376897781,136636,50102,104536367,120026872
1,2025-02-09 10:15:08,DuckDuckGo.exe,0.0,3.2488210100318144,137024,50192,104592443,120035428
1,2025-02-09 10:15:18,DuckDuckGo.exe,0.6,3.2488939899122347,137767,50440,104715857,120057362
1,2025-02-09 10:15:28,DuckDuckGo.exe,0.0,3.2473370857966066,138020,50466,104744753,120060274
1,2025-02-09 10:15:38,DuckDuckGo.exe,1.9,3.247507372184254,138855,50762,104888559,120086568
1,2025-02-09 10:15:48,DuckDuckGo.exe,0.0,3.2477749650791274,139108,50790,104916943,120089704
1,2025-02-09 10:15:58,DuckDuckGo.exe,0.0,3.2480668846008074,139277,50814,104941423,120092392
1,2025-02-09 10:16:08,DuckDuckGo.exe,0.9,3.2482858242420676,139383,50832,104953743,120094408
1,2025-02-09 10:16:18,DuckDuckGo.exe,0.0,3.3083725924545613,139673,50903,105181339,120109028
1,2025-02-09 10:16:28,DuckDuckGo.exe,0.0,3.309710556928929,139856,50917,105541371,120116972
1,2025-02-09 10:16:38,DuckDuckGo.exe,0.0,3.310440355733129,139942,50925,105668547,120117868
1,2025-02-09 10:16:48,DuckDuckGo.exe,0.0,3.309467290660862,139990,50925,105673923,120117868
1,2025-02-09 10:16:58,DuckDuckGo.exe,0.0,3.3098565166897687,140101,50940,105918427,120119548
1,2025-02-09 10:17:08,DuckDuckGo.exe,0.0,3.311389094178589,140304,51024,106122600,120135629
1,2025-02-09 10:17:18,DuckDuckGo.exe,0.0,3.311389094178589,140412,51036,106159568,120136973
1,2025-02-09 10:17:28,DuckDuckGo.exe,0.3,3.3119486065951427,140721,51101,106246704,120144253
1,2025-02-09 10:17:39,DuckDuckGo.exe,0.0,3.3067670350853207,140781,51112,106346608,120145485
1,2025-02-09 10:17:49,DuckDuckGo.exe,0.0,3.307131934487421,140901,51147,106388876,120148897
1,2025-02-09 10:17:59,DuckDuckGo.exe,0.0,3.3071805877410343,140961,51161,106413878,120150211
1,2025-02-09 10:18:09,DuckDuckGo.exe,0.6,3.3068643415925476,141321,51276,106524018,120162271
1,2025-02-09 10:18:19,DuckDuckGo.exe,0.3,3.307131934487421,141579,51365,106582444,120170969
1,2025-02-09 10:18:29,DuckDuckGo.exe,0.3,3.307350874128681,141836,51450,106636174,120179219
1,2025-02-09 10:18:39,DuckDuckGo.exe,0.0,3.307277894248261,141872,51456,106645526,120179891
1,2025-02-09 10:18:49,DuckDuckGo.exe,0.0,3.307277894248261,141878,51456,106646198,120179891
1,2025-02-09 10:18:59,DuckDuckGo.exe,0.3,3.3094186374072487,142213,51555,106796559,120197072
1,2025-02-09 10:19:09,DuckDuckGo.exe,0.3,3.3094429640340555,142302,51555,106806527,120197072
1,2025-02-09 10:19:19,DuckDuckGo.exe,0.0,3.3093699841536353,142425,51556,106820303,120197184
1,2025-02-09 10:19:29,DuckDuckGo.exe,0.3,3.3114620740590093,142563,51574,107181447,120205704
1,2025-02-09 10:19:39,DuckDuckGo.exe,0.0,3.3112431344177495,142603,51574,107185927,120205704
1,2025-02-09 10:19:49,DuckDuckGo.exe,0.0,3.3112431344177495,142633,51574,107189287,120205704
1,2025-02-09 10:19:59,DuckDuckGo.exe,0.0,3.135994114902443,142704,51589,107355823,120247224
1,2025-02-09 10:20:09,DuckDuckGo.exe,0.0,3.1360914214096693,142743,51589,107360191,120247224
1,2025-02-09 10:20:19,DuckDuckGo.exe,0.0,3.1324910806422817,142772,51589,107363439,120247224
1,2025-02-09 10:20:29,DuckDuckGo.exe,0.3,3.1359211350220226,143038,51698,107722176,120265597
1,2025-02-09 10:20:39,DuckDuckGo.exe,0.3,3.1367725669602566,143310,51733,108177728,120269517
1,2025-02-09 10:20:49,DuckDuckGo.exe,0.3,3.137964571673784,143452,51752,108559184,120271645
1,2025-02-09 10:20:59,DuckDuckGo.exe,0.0,3.1398620485647046,143647,51776,108970784,120274333
1,2025-02-09 10:21:09,DuckDuckGo.exe,0.0,3.1352399894714362,143907,51807,109380528,120277805
1,2025-02-09 10:21:19,DuckDuckGo.exe,0.0,3.13674824033345,144092,51827,109780696,120280045
1,2025-02-09 10:21:29,DuckDuckGo.exe,0.0,3.139643108923445,144412,51866,110208416,120284413
1,2025-02-09 10:21:40,DuckDuckGo.exe,0.3,3.1415405858143655,145064,52083,110770172,120304145
1,2025-02-09 10:21:50,DuckDuckGo.exe,0.6,3.144459781031167,145504,52197,111279492,120315897
1,2025-02-09 10:22:00,DuckDuckGo.exe,0.6,3.1451165999549473,145784,52292,111381318,120325267
1,2025-02-09 10:22:10,DuckDuckGo.exe,0.0,3.1351426829642093,145964,52352,111431584,120330717
1,2025-02-09 10:22:20,DuckDuckGo.exe,0.3,3.13638334093135,146429,52489,111660106,120344791
1,2025-02-09 10:22:30,DuckDuckGo.exe,0.0,3.1366995870798364,146701,52580,111708484,120353713
1,2025-02-09 10:22:40,DuckDuckGo.exe,0.0,3.1368942000942903,146792,52596,111720446,120355251
1,2025-02-09 10:22:50,DuckDuckGo.exe,0.3,3.137137466362357,146889,52610,111771622,120356819
1,2025-02-09 10:23:00,DuckDuckGo.exe,0.3,3.137988898300591,147098,52628,111888470,120358835
1,2025-02-09 10:23:10,DuckDuckGo.exe,0.0,3.1383051444490775,147357,52711,111943078,120367859
1,2025-02-09 10:23:20,DuckDuckGo.exe,0.6,3.183114791026978,147844,52894,112133067,120400297
1,2025-02-09 10:23:30,DuckDuckGo.exe,0.0,3.182506625356811,147981,52897,112224979,120400633
1,2025-02-09 10:23:40,DuckDuckGo.exe,0.3,3.1828471981321043,148114,52914,112531899,120409209
1,2025-02-09 10:23:50,DuckDuckGo.exe,2.2,3.188490975551254,148557,53114,112689965,120447870
1,2025-02-09 10:24:00,DuckDuckGo.exe,0.0,3.185425820573612,148577,53116,112696829,120448094
1,2025-02-09 10:24:10,DuckDuckGo.exe,0.0,3.185425820573612,148599,53119,112699293,120448430
1,2025-02-09 10:24:20,DuckDuckGo.exe,0.0,3.1850852477983187,148605,53119,112699965,120448430
1,2025-02-09 10:24:30,DuckDuckGo.exe,5.6,3.1908993116051145,149234,53417,112911941,120494707
1,2025-02-09 10:24:40,DuckDuckGo.exe,1.9,3.190485758949401,150083,53810,113086692,120556215
1,2025-02-09 10:24:50,DuckDuckGo.exe,0.0,3.185596106961259,150087,53810,113087140,120556215
1,2025-02-09 10:25:00,DuckDuckGo.exe,0.0,3.0699959763759264,150092,53810,113087812,120556215
1,2025-02-09 10:25:10,DuckDuckGo.exe,0.0,3.069922996495506,150111,53813,113095044,120556551
1,2025-02-09 10:25:20,DuckDuckGo.exe,0.0,3.069922996495506,150113,53813,113095268,120556551
1,2025-02-09 10:25:31,DuckDuckGo.exe,0.0,3.0701176095099596,150122,53813,113096388,120556551
1,2025-02-09 10:25:41,DuckDuckGo.exe,0.0,3.069947323122313,150128,53813,113097060,120556551
1,2025-02-09 10:25:51,DuckDuckGo.exe,0.0,3.069947323122313,150130,53813,113097284,120556551
1,2025-02-09 10:26:28,DuckDuckGo.exe,0.0,3.070360875778026,150149,53815,113099412,120556775
1,2025-02-09 10:26:38,DuckDuckGo.exe,0.0,3.0707257751801267,150254,53833,113244996,120558791
1,2025-02-09 10:26:48,DuckDuckGo.exe,0.0,3.0707257751801267,150258,53833,113245444,120558791
1,2025-02-09 10:26:58,DuckDuckGo.exe,0.0,3.070604142046093,150271,53836,113246900,120559127
1,2025-02-09 10:27:08,DuckDuckGo.exe,0.0,3.070604142046093,150273,53836,113247124,120559127
1,2025-02-09 10:27:18,DuckDuckGo.exe,0.0,3.070458182285253,150277,53836,113247572,120559127
1,2025-02-09 10:27:29,DuckDuckGo.exe,0.0,3.070458182285253,150279,53836,113247796,120559127
1,2025-02-09 10:27:39,DuckDuckGo.exe,0.0,3.0706284686728997,150302,53839,113255340,120559463
1,2025-02-09 10:27:49,DuckDuckGo.exe,0.0,3.007038666200244,150308,53839,113256012,120559463
1,2025-02-09 10:27:59,DuckDuckGo.exe,0.3,3.007281932468311,150314,53839,113256684,120559463
1,2025-02-09 10:28:09,DuckDuckGo.exe,0.0,3.0074522188559576,150322,53839,113257580,120559463
1,2025-02-09 10:28:19,DuckDuckGo.exe,0.0,3.0075495253631845,150328,53839,113258252,120559463
1,2025-02-09 10:28:29,DuckDuckGo.exe,0.3,3.0075495253631845,150334,53839,113258924,120559463
1,2025-02-09 10:28:39,DuckDuckGo.exe,0.0,3.0074522188559576,150342,53839,113259820,120559463
1,2025-02-09 10:28:49,DuckDuckGo.exe,0.0,3.0074522188559576,150346,53839,113260268,120559463
1,2025-02-09 10:28:59,DuckDuckGo.exe,0.3,3.0073305857219244,150359,53841,113266828,120559687
1,2025-02-09 10:29:09,DuckDuckGo.exe,0.0,3.0075495253631845,150366,53841,113267612,120559687
1,2025-02-09 10:29:19,DuckDuckGo.exe,0.0,3.0075495253631845,150373,53841,113268396,120559687
1,2025-02-09 10:29:29,DuckDuckGo.exe,0.3,3.0074765454827643,150387,53843,113269964,120559911
1,2025-02-09 10:29:39,DuckDuckGo.exe,0.0,3.013825795079307,150393,53843,113270636,120559911
1,2025-02-09 10:29:49,DuckDuckGo.exe,0.0,3.013825795079307,150399,53843,113271308,120559911
1,2025-02-09 10:29:59,DuckDuckGo.exe,0.3,3.013485222304014,150423,53848,113283980,120560471
1,2025-02-09 10:30:09,DuckDuckGo.exe,0.3,2.989693781287083,150441,53858,113325836,120601431
1,2025-02-09 10:30:19,DuckDuckGo.exe,0.0,2.9897181079138897,150447,53858,113326508,120601431
1,2025-02-09 10:30:29,DuckDuckGo.exe,0.0,2.9895964747798565,150451,53858,113326956,120601431
1,2025-02-09 10:30:39,DuckDuckGo.exe,0.0,2.9896694546602762,150456,53858,113327516,120601431
1,2025-02-09 10:30:49,DuckDuckGo.exe,0.0,2.9896694546602762,150456,53858,113327516,120601431
1,2025-02-09 10:30:59,DuckDuckGo.exe,0.0,2.9896694546602762,150463,53860,113333292,120601655
1,2025-02-09 10:31:10,DuckDuckGo.exe,0.0,2.99008300731599,150545,53873,113606748,120603111
1,2025-02-09 10:31:20,DuckDuckGo.exe,0.0,2.99022896707683,150560,53876,113608428,120603447
1,2025-02-09 10:31:30,DuckDuckGo.exe,0.0,2.9902532937036366,150572,53879,113609772,120603783
1,2025-02-09 10:31:40,DuckDuckGo.exe,0.0,2.99030194695725,150588,53882,113632788,120604119
1,2025-02-09 10:31:50,DuckDuckGo.exe,0.0,2.99030194695725,150588,53882,113632788,120604119
1,2025-02-09 10:32:00,DuckDuckGo.exe,0.6,2.9912993386563236,150717,53905,113769676,120606695
1,2025-02-09 10:32:10,DuckDuckGo.exe,0.0,2.9913966451635505,150720,53905,113770012,120606695
1,2025-02-09 10:32:20,DuckDuckGo.exe,0.0,2.9913966451635505,150730,53905,113771132,120606695
1,2025-02-09 10:32:30,DuckDuckGo.exe,0.0,2.991275012029517,150736,53905,113771804,120606695
1,2025-02-09 10:32:40,DuckDuckGo.exe,0.3,2.991275012029517,150738,53905,113772028,120606695
1,2025-02-09 10:32:50,DuckDuckGo.exe,0.3,2.991226358775904,150749,53905,113773372,120606695
1,2025-02-09 10:33:00,DuckDuckGo.exe,0.0,2.9912993386563236,150770,53910,113780716,120607255
1,2025-02-09 10:33:10,DuckDuckGo.exe,0.0,2.9912993386563236,150774,53910,113781164,120607255
1,2025-02-09 10:33:20,DuckDuckGo.exe,0.0,2.9911777055222903,150784,53910,113782284,120607255
1,2025-02-09 10:33:30,DuckDuckGo.exe,0.0,2.9911777055222903,150788,53910,113782732,120607255
1,2025-02-09 10:33:40,DuckDuckGo.exe,0.0,2.991202032149097,150794,53910,113783404,120607255
1,2025-02-09 10:33:50,DuckDuckGo.exe,0.0,2.991202032149097,150802,53910,113784300,120607255
1,2025-02-09 10:34:00,DuckDuckGo.exe,0.0,2.991202032149097,150814,53912,113790636,120607479
1,2025-02-09 10:34:10,DuckDuckGo.exe,0.3,2.991202032149097,150818,53912,113791084,120607479
1,2025-02-09 10:34:20,DuckDuckGo.exe,0.0,2.9911533788954836,150845,53917,113794220,120608039
1,2025-02-09 10:34:30,DuckDuckGo.exe,0.0,2.991372318536744,150853,53917,113795116,120608039
1,2025-02-09 10:34:40,DuckDuckGo.exe,0.0,2.991372318536744,150855,53917,113795340,120608039
1,2025-02-09 10:34:50,DuckDuckGo.exe,0.0,2.991372318536744,150863,53917,113796236,120608039
1,2025-02-09 10:35:00,DuckDuckGo.exe,0.3,2.9913966451635505,150886,53922,113808908,120608599
1,2025-02-09 10:35:11,DuckDuckGo.exe,0.3,2.9874314049940622,150888,53922,113809132,120608599
1,2025-02-09 10:35:21,DuckDuckGo.exe,0.0,2.9874314049940622,150900,53922,113810476,120608599
1,2025-02-09 10:35:31,DuckDuckGo.exe,0.0,2.9874314049940622,150904,53922,113810924,120608599
1,2025-02-09 10:35:41,DuckDuckGo.exe,0.0,2.9874314049940622,150906,53922,113811148,120608599
1,2025-02-09 10:35:51,DuckDuckGo.exe,0.0,2.9874314049940622,150920,53922,113812716,120608599
1,2025-02-09 10:36:01,DuckDuckGo.exe,0.0,2.987358425113642,150940,53927,113819948,120609159
1,2025-02-09 10:36:11,DuckDuckGo.exe,0.0,2.9874557316208685,150946,53927,113820620,120609159
1,2025-02-09 10:36:21,DuckDuckGo.exe,0.0,2.9874557316208685,150956,53927,113821740,120609159
1,2025-02-09 10:36:31,DuckDuckGo.exe,0.0,2.987504384874482,150970,53930,113823308,120609495
1,2025-02-09 10:36:41,DuckDuckGo.exe,0.0,2.987285445233222,150974,53930,113823756,120609495
1,2025-02-09 10:36:51,DuckDuckGo.exe,0.0,2.987285445233222,150984,53930,113824876,120609495
1,2025-02-09 10:37:01,DuckDuckGo.exe,0.0,2.987358425113642,151022,53938,113860340,120610391
1,2025-02-09 10:37:11,DuckDuckGo.exe,0.0,2.9874557316208685,151024,53938,113860564,120610391
1,2025-02-09 10:37:21,DuckDuckGo.exe,0.0,2.9874557316208685,151032,53938,113861460,120610391
1,2025-02-09 10:37:31,DuckDuckGo.exe,0.0,2.9874557316208685,151040,53938,113862356,120610391
1,2025-02-09 10:37:41,DuckDuckGo.exe,0.0,2.9874557316208685,151042,53938,113862580,120610391
1,2025-02-09 10:37:51,DuckDuckGo.exe,0.0,2.9874557316208685,151054,53938,113863924,120610391
1,2025-02-09 10:38:01,DuckDuckGo.exe,0.0,2.9874557316208685,151075,53943,113871268,120610951
1,2025-02-09 10:38:11,DuckDuckGo.exe,0.0,2.987553038128095,151077,53943,113871492,120610951
1,2025-02-09 10:38:21,DuckDuckGo.exe,0.0,2.987553038128095,151089,53943,113872836,120610951
1,2025-02-09 10:38:31,DuckDuckGo.exe,0.0,2.9874557316208685,151093,53943,113873284,120610951
1,2025-02-09 10:38:41,DuckDuckGo.exe,0.0,2.9875773647549018,151099,53943,113873956,120610951
1,2025-02-09 10:38:51,DuckDuckGo.exe,0.0,2.9875773647549018,151107,53943,113874852,120610951
1,2025-02-09 10:39:02,DuckDuckGo.exe,0.0,2.987115158845575,151132,53948,113923628,120611511
1,2025-02-09 10:39:12,DuckDuckGo.exe,0.0,2.9872367919796083,151149,53951,113925532,120611847
1,2025-02-09 10:39:22,DuckDuckGo.exe,0.0,2.9872367919796083,151157,53951,113926428,120611847
1,2025-02-09 10:39:32,DuckDuckGo.exe,0.0,2.9872367919796083,151165,53951,113927324,120611847
1,2025-02-09 10:39:42,DuckDuckGo.exe,0.0,2.987139485472382,151167,53951,113927548,120611847
1,2025-02-09 10:39:52,DuckDuckGo.exe,0.0,2.987139485472382,151175,53951,113928444,120611847
1,2025-02-09 10:40:02,DuckDuckGo.exe,0.0,2.9870665055919616,151198,53956,113941116,120612407
1,2025-02-09 10:40:12,DuckDuckGo.exe,0.0,2.9871638120991886,151200,53956,113941340,120612407
1,2025-02-09 10:40:22,DuckDuckGo.exe,0.0,2.9871638120991886,151212,53956,113942684,120612407
1,2025-02-09 10:40:32,DuckDuckGo.exe,0.0,2.9871638120991886,151216,53956,113943132,120612407
1,2025-02-09 10:40:42,DuckDuckGo.exe,0.0,2.9874314049940622,151230,53959,113950732,120612743
1,2025-02-09 10:40:52,DuckDuckGo.exe,0.0,2.9874314049940622,151244,53959,113952300,120612743
1,2025-02-09 10:41:02,DuckDuckGo.exe,0.0,2.987358425113642,151265,53964,113959644,120613303
1,2025-02-09 10:41:12,DuckDuckGo.exe,0.0,2.987261118606415,151271,53964,113960316,120613303
1,2025-02-09 10:41:22,DuckDuckGo.exe,0.0,2.987261118606415,151281,53964,113961436,120613303
1,2025-02-09 10:41:32,DuckDuckGo.exe,0.0,2.987261118606415,151295,53967,113963004,120613639
1,2025-02-09 10:41:42,DuckDuckGo.exe,0.0,2.987285445233222,151303,53967,113963900,120613639
1,2025-02-09 10:41:52,DuckDuckGo.exe,0.0,2.987285445233222,151309,53967,113964572,120613639
1,2025-02-09 10:42:02,DuckDuckGo.exe,0.0,2.987285445233222,151323,53969,113971132,120613863
1,2025-02-09 10:42:12,DuckDuckGo.exe,0.0,2.987285445233222,151330,53969,113971916,120613863
1,2025-02-09 10:42:22,DuckDuckGo.exe,0.0,2.987188138725995,151333,53969,113972252,120613863
1,2025-02-09 10:42:32,DuckDuckGo.exe,0.0,2.9873097718600286,151341,53969,113973148,120613863
1,2025-02-09 10:42:42,DuckDuckGo.exe,0.0,2.9873097718600286,151349,53969,113974044,120613863
1,2025-02-09 10:42:52,DuckDuckGo.exe,0.0,2.980230723459285,151355,53969,113974716,120613863
1,2025-02-09 10:43:03,DuckDuckGo.exe,0.0,2.980230723459285,151365,53971,113980828,120614087
1,2025-02-09 10:43:13,DuckDuckGo.exe,0.0,2.980401009846932,151373,53971,113981724,120614087
1,2025-02-09 10:43:23,DuckDuckGo.exe,0.0,2.980401009846932,151379,53971,113982396,120614087
1,2025-02-09 10:43:33,DuckDuckGo.exe,0.0,2.980401009846932,151383,53971,113982844,120614087
1,2025-02-09 10:43:43,DuckDuckGo.exe,0.0,2.980401009846932,151395,53971,113984188,120614087
1,2025-02-09 10:43:53,DuckDuckGo.exe,0.0,2.980401009846932,151397,53971,113984412,120614087
1,2025-02-09 10:44:03,DuckDuckGo.exe,0.0,2.9803037033397053,151407,53973,113990524,120614311
1,2025-02-09 10:44:13,DuckDuckGo.exe,0.0,2.9804253364737385,151419,53973,113991868,120614311
1,2025-02-09 10:44:23,DuckDuckGo.exe,0.0,2.9804253364737385,151421,53973,113992092,120614311
1,2025-02-09 10:44:33,DuckDuckGo.exe,0.0,2.9804253364737385,151429,53973,113992988,120614311
1,2025-02-09 10:44:43,DuckDuckGo.exe,0.0,2.9804253364737385,151437,53973,113993884,120614311
1,2025-02-09 10:44:53,DuckDuckGo.exe,0.0,2.9804253364737385,151439,53973,113994108,120614311
1,2025-02-09 10:45:03,DuckDuckGo.exe,0.0,2.980473989727352,151453,53975,114000668,120614535
1,2025-02-09 10:45:13,DuckDuckGo.exe,0.0,2.9803766832201255,151461,53975,114001564,120614535
1,2025-02-09 10:45:23,DuckDuckGo.exe,0.3,2.9804983163541587,151469,53975,114002460,120614535
1,2025-02-09 10:45:33,DuckDuckGo.exe,0.0,2.9805226429809655,151485,53978,114004252,120614871
1,2025-02-09 10:45:43,DuckDuckGo.exe,0.0,2.9804253364737385,151491,53978,114004924,120614871
1,2025-02-09 10:45:53,DuckDuckGo.exe,0.0,2.980546969607772,151497,53978,114005596,120614871
1,2025-02-09 10:46:03,DuckDuckGo.exe,0.0,2.9806442761149987,151518,53983,114018044,120615431
1,2025-02-09 10:46:13,DuckDuckGo.exe,0.0,2.9806686027418055,151528,53983,114019164,120615431
1,2025-02-09 10:46:23,DuckDuckGo.exe,0.3,2.9806686027418055,151532,53983,114019612,120615431
1,2025-02-09 10:46:33,DuckDuckGo.exe,0.0,2.980692929368612,151548,53986,114021404,120615767
1,2025-02-09 10:46:43,DuckDuckGo.exe,0.0,2.980692929368612,151558,53986,114022524,120615767
1,2025-02-09 10:46:53,DuckDuckGo.exe,0.3,2.980717255995419,151560,53986,114022748,120615767
1,2025-02-09 10:47:04,DuckDuckGo.exe,0.0,2.980717255995419,151576,53988,114029532,120615991
1,2025-02-09 10:47:14,DuckDuckGo.exe,0.0,2.980717255995419,151582,53988,114030204,120615991
1,2025-02-09 10:47:24,DuckDuckGo.exe,0.9,2.980741582622225,151584,53988,114030428,120615991
1,2025-02-09 10:47:34,DuckDuckGo.exe,0.0,2.980741582622225,151594,53988,114031548,120615991
1,2025-02-09 10:47:44,DuckDuckGo.exe,0.0,2.980741582622225,151600,53988,114032220,120615991
1,2025-02-09 10:47:54,DuckDuckGo.exe,0.0,2.980741582622225,151606,53988,114032892,120615991
1,2025-02-09 10:48:04,DuckDuckGo.exe,0.0,2.9808145625026454,151628,53993,114045340,120616551
1,2025-02-09 10:48:14,DuckDuckGo.exe,0.0,2.9808145625026454,151634,53993,114046012,120616551
1,2025-02-09 10:48:24,DuckDuckGo.exe,0.0,2.980717255995419,151640,53993,114046684,120616551
1,2025-02-09 10:48:34,DuckDuckGo.exe,0.0,2.980863215756259,151646,53993,114047356,120616551
1,2025-02-09 10:48:44,DuckDuckGo.exe,0.0,2.9809605222634854,151656,53993,114048476,120616551
1,2025-02-09 10:48:54,DuckDuckGo.exe,0.0,2.980984848890292,151658,53993,114048700,120616551
1,2025-02-09 10:49:04,DuckDuckGo.exe,0.0,2.9807902358758387,151670,53995,114055036,120616775
1,2025-02-09 10:49:14,DuckDuckGo.exe,0.0,2.9809118690098724,151680,53995,114056156,120616775
1,2025-02-09 10:49:24,DuckDuckGo.exe,0.0,2.9809118690098724,151682,53995,114056380,120616775
1,2025-02-09 10:49:34,DuckDuckGo.exe,0.0,2.980936195636679,151692,53995,114057500,120616775
1,2025-02-09 10:49:44,DuckDuckGo.exe,0.0,2.980936195636679,151698,53995,114058172,120616775
1,2025-02-09 10:49:54,DuckDuckGo.exe,0.0,2.980936195636679,151700,53995,114058396,120616775
1,2025-02-09 10:50:04,DuckDuckGo.exe,0.0,2.980936195636679,151716,53997,114065180,120616999
1,2025-02-09 10:50:14,DuckDuckGo.exe,0.0,2.980936195636679,151722,53997,114065852,120616999
1,2025-02-09 10:50:24,DuckDuckGo.exe,0.0,2.980936195636679,151730,53997,114066748,120616999
1,2025-02-09 10:50:34,DuckDuckGo.exe,0.3,2.9809118690098724,151746,54000,114068540,120617335
1,2025-02-09 10:50:44,DuckDuckGo.exe,0.0,2.981009175517099,151752,54000,114069212,120617335
1,2025-02-09 10:50:54,DuckDuckGo.exe,0.0,2.9810335021439056,151758,54000,114069884,120617335
1,2025-02-09 10:51:05,DuckDuckGo.exe,0.0,2.9810335021439056,151770,54002,114076220,120617559
1,2025-02-09 10:51:15,DuckDuckGo.exe,0.3,2.9810335021439056,151780,54002,114077340,120617559
1,2025-02-09 10:51:25,DuckDuckGo.exe,0.3,2.9810578287707123,151784,54002,114077788,120617559
1,2025-02-09 10:51:35,DuckDuckGo.exe,0.3,2.9809605222634854,151800,54005,114079580,120617895
1,2025-02-09 10:51:45,DuckDuckGo.exe,0.0,2.9809605222634854,151810,54005,114080700,120617895
1,2025-02-09 10:51:55,DuckDuckGo.exe,0.0,2.9811308086511326,151812,54005,114080924,120617895
1,2025-02-09 10:52:05,DuckDuckGo.exe,0.0,2.981179461904746,151828,54007,114087708,120618119
1,2025-02-09 10:52:15,DuckDuckGo.exe,0.0,2.9812037885315523,151834,54007,114088380,120618119
1,2025-02-09 10:52:25,DuckDuckGo.exe,0.0,2.981106482024326,151836,54007,114088604,120618119
1,2025-02-09 10:52:35,DuckDuckGo.exe,0.0,2.9812767684119725,151846,54007,114089724,120618119
1,2025-02-09 10:52:45,DuckDuckGo.exe,0.0,2.9812767684119725,151852,54007,114090396,120618119
1,2025-02-09 10:52:55,DuckDuckGo.exe,0.0,2.981301095038779,151858,54007,114091068,120618119
1,2025-02-09 10:53:05,DuckDuckGo.exe,0.0,2.981301095038779,151866,54007,114091964,120618119
1,2025-02-09 10:53:15,DuckDuckGo.exe,0.0,2.9812037885315523,151872,54007,114092636,120618119
1,2025-02-09 10:53:25,DuckDuckGo.exe,0.0,2.9812767684119725,151878,54007,114093308,120618119
1,2025-02-09 10:53:35,DuckDuckGo.exe,0.0,2.981374074919199,151884,54007,114093980,120618119
1,2025-02-09 10:53:45,DuckDuckGo.exe,0.0,2.981374074919199,151894,54007,114095100,120618119
1,2025-02-09 10:53:55,DuckDuckGo.exe,0.0,2.9813984015460058,151896,54007,114095324,120618119
1,2025-02-09 10:54:05,DuckDuckGo.exe,0.0,2.981593014560459,151908,54009,114101660,120618343
1,2025-02-09 10:54:15,DuckDuckGo.exe,0.0,2.9816659944408794,151929,54012,114104012,120618679
1,2025-02-09 10:54:25,DuckDuckGo.exe,0.0,2.9816659944408794,151931,54012,114104236,120618679
1,2025-02-09 10:54:35,DuckDuckGo.exe,0.0,2.9816659944408794,151941,54012,114105356,120618679
1,2025-02-09 10:54:45,DuckDuckGo.exe,0.0,2.9816659944408794,151947,54012,114106028,120618679
1,2025-02-09 10:54:56,DuckDuckGo.exe,0.0,2.9816659944408794,151949,54012,114106252,120618679
1,2025-02-09 10:55:06,DuckDuckGo.exe,0.0,2.9816659944408794,151965,54014,114112644,120618903
1,2025-02-09 10:55:16,DuckDuckGo.exe,0.0,2.9816659944408794,151971,54014,114113316,120618903
1,2025-02-09 10:55:26,DuckDuckGo.exe,0.0,2.9816659944408794,151979,54014,114114212,120618903
1,2025-02-09 10:55:36,DuckDuckGo.exe,0.0,2.981690321067686,151993,54017,114115780,120619239
1,2025-02-09 10:55:46,DuckDuckGo.exe,0.3,2.981690321067686,152001,54017,114116676,120619239
1,2025-02-09 10:55:56,DuckDuckGo.exe,0.0,2.981690321067686,152005,54017,114117348,120619239
1,2025-02-09 10:56:06,DuckDuckGo.exe,0.0,2.981690321067686,152011,54017,114118020,120619239
1,2025-02-09 10:56:16,DuckDuckGo.exe,0.0,2.981714647694493,152023,54017,114119364,120619239
1,2025-02-09 10:56:26,DuckDuckGo.exe,0.0,2.981714647694493,152025,54017,114119588,120619239
1,2025-02-09 10:56:36,DuckDuckGo.exe,0.0,2.981617341187266,152031,54017,114120260,120619239
1,2025-02-09 10:56:46,DuckDuckGo.exe,0.0,2.981763300948106,152051,54020,114122500,120619575
1,2025-02-09 10:56:56,DuckDuckGo.exe,0.3,2.981763300948106,152055,54020,114122948,120619575
1,2025-02-09 10:57:06,DuckDuckGo.exe,0.0,2.980401009846932,152079,54025,114134836,120620135
1,2025-02-09 10:57:16,DuckDuckGo.exe,0.3,2.980401009846932,152085,54025,114135508,120620135
1,2025-02-09 10:57:26,DuckDuckGo.exe,0.0,2.980401009846932,152089,54025,114135956,120620135
1,2025-02-09 10:57:36,DuckDuckGo.exe,0.0,2.980401009846932,152097,54025,114136852,120620135
1,2025-02-09 10:57:46,DuckDuckGo.exe,0.0,2.9804253364737385,152103,54025,114137524,120620135
1,2025-02-09 10:57:56,DuckDuckGo.exe,0.3,2.980036110444832,152117,54027,114143692,120620359
1,2025-02-09 10:58:06,DuckDuckGo.exe,0.0,2.980036110444832,152121,54027,114144140,120620359
1,2025-02-09 10:58:16,DuckDuckGo.exe,0.0,2.9803037033397053,152129,54027,114145036,120620359
1,2025-02-09 10:58:26,DuckDuckGo.exe,0.0,2.9803037033397053,152135,54027,114145708,120620359
1,2025-02-09 10:58:36,DuckDuckGo.exe,0.0,2.9802063968324783,152139,54027,114146156,120620359
1,2025-02-09 10:58:46,DuckDuckGo.exe,0.0,2.980328029966512,152151,54027,114147500,120620359
1,2025-02-09 10:58:57,DuckDuckGo.exe,0.0,2.980328029966512,152159,54029,114152996,120620583
1,2025-02-09 10:59:07,DuckDuckGo.exe,0.3,2.980230723459285,152163,54029,114153444,120620583
1,2025-02-09 10:59:17,DuckDuckGo.exe,0.0,2.980328029966512,152175,54029,114154788,120620583
1,2025-02-09 10:59:27,DuckDuckGo.exe,0.0,2.980328029966512,152177,54029,114155012,120620583
1,2025-02-09 10:59:37,DuckDuckGo.exe,0.0,2.9882341836786823,152187,54029,114155990,120620583
1,2025-02-09 10:59:47,DuckDuckGo.exe,0.0,2.9882341836786823,152195,54029,114156886,120620583
1,2025-02-09 10:59:57,DuckDuckGo.exe,0.0,2.987869284276582,152199,54029,114157334,120620583
1,2025-02-09 11:00:07,DuckDuckGo.exe,0.0,2.9879179375301956,152207,54029,114158230,120620583
1,2025-02-09 11:00:17,DuckDuckGo.exe,0.0,2.9879179375301956,152215,54029,114159126,120620583
1,2025-02-09 11:00:27,DuckDuckGo.exe,0.0,2.987771977769355,152223,54029,114160022,120620583
1,2025-02-09 11:00:37,DuckDuckGo.exe,0.3,2.9886477363343955,152248,54032,114190506,120620919
1,2025-02-09 11:00:47,DuckDuckGo.exe,0.3,2.9886477363343955,152254,54032,114191178,120620919
1,2025-02-09 11:00:57,DuckDuckGo.exe,0.0,2.9884287966931358,152275,54037,114202842,120621479
1,2025-02-09 11:01:07,DuckDuckGo.exe,0.0,2.9884287966931358,152281,54037,114203514,120621479
1,2025-02-09 11:01:17,DuckDuckGo.exe,0.0,2.9876016913817085,152291,54037,114204634,120621479
1,2025-02-09 11:01:27,DuckDuckGo.exe,0.0,2.9876260180085152,152293,54037,114204858,120621479
1,2025-02-09 11:01:37,DuckDuckGo.exe,0.0,2.9876260180085152,152301,54037,114205754,120621479
1,2025-02-09 11:01:47,DuckDuckGo.exe,0.0,2.9876016913817085,152319,54040,114207882,120621815
1,2025-02-09 11:01:57,DuckDuckGo.exe,0.0,2.9876016913817085,152331,54042,114213826,120622039
1,2025-02-09 11:02:07,DuckDuckGo.exe,0.0,2.9876016913817085,152337,54042,114214498,120622039
1,2025-02-09 11:02:17,DuckDuckGo.exe,0.0,2.9876016913817085,152343,54042,114215170,120622039
1,2025-02-09 11:02:27,DuckDuckGo.exe,0.3,2.9874800582476753,152349,54042,114215842,120622039
1,2025-02-09 11:02:37,DuckDuckGo.exe,0.0,2.9874800582476753,152357,54042,114216738,120622039
1,2025-02-09 11:02:48,DuckDuckGo.exe,0.0,2.9875773647549018,152361,54042,114217186,120622039
1,2025-02-09 11:02:58,DuckDuckGo.exe,0.0,2.9875773647549018,152375,54044,114223354,120622263
1,2025-02-09 11:03:08,DuckDuckGo.exe,0.0,2.9875773647549018,152381,54044,114224026,120622263
1,2025-02-09 11:03:18,DuckDuckGo.exe,0.3,2.9875773647549018,152385,54044,114224474,120622263
1,2025-02-09 11:03:28,DuckDuckGo.exe,0.3,2.9874800582476753,152395,54044,114225594,120622263
1,2025-02-09 11:03:38,DuckDuckGo.exe,0.0,2.9874800582476753,152399,54044,114226042,120622263
1,2025-02-09 11:03:48,DuckDuckGo.exe,0.0,2.9874800582476753,152405,54044,114226714,120622263
1,2025-02-09 11:03:58,DuckDuckGo.exe,0.0,2.9874800582476753,152419,54046,114232882,120622487
1,2025-02-09 11:04:08,DuckDuckGo.exe,0.3,2.9876016913817085,152423,54046,114233330,120622487
1,2025-02-09 11:04:18,DuckDuckGo.exe,0.0,2.9876016913817085,152431,54046,114234226,120622487
1,2025-02-09 11:04:28,DuckDuckGo.exe,0.0,2.9876016913817085,152437,54046,114234898,120622487
1,2025-02-09 11:04:38,DuckDuckGo.exe,0.0,2.9876016913817085,152443,54046,114235570,120622487
1,2025-02-09 11:04:48,DuckDuckGo.exe,0.0,2.9876016913817085,152449,54046,114236242,120622487
1,2025-02-09 11:04:58,DuckDuckGo.exe,0.0,2.987504384874482,152461,54048,114242186,120622711
1,2025-02-09 11:05:08,DuckDuckGo.exe,0.0,2.9876260180085152,152469,54048,114243082,120622711
1,2025-02-09 11:05:18,DuckDuckGo.exe,0.3,2.9876260180085152,152473,54048,114243530,120622711
1,2025-02-09 11:05:28,DuckDuckGo.exe,0.3,2.9876260180085152,152483,54048,114244650,120622711
1,2025-02-09 11:05:38,DuckDuckGo.exe,0.3,2.9876260180085152,152497,54051,114246218,120623047
1,2025-02-09 11:05:48,DuckDuckGo.exe,0.0,2.9876260180085152,152503,54051,114246890,120623047
1,2025-02-09 11:05:58,DuckDuckGo.exe,0.0,2.987796304396162,152515,54051,114248234,120623047
1,2025-02-09 11:06:08,DuckDuckGo.exe,0.0,2.987796304396162,152517,54051,114248458,120623047
1,2025-02-09 11:06:19,DuckDuckGo.exe,0.0,2.9876989978889354,152525,54051,114249354,120623047
1,2025-02-09 11:06:29,DuckDuckGo.exe,0.0,2.9876989978889354,152533,54051,114250250,120623047
1,2025-02-09 11:06:39,DuckDuckGo.exe,0.3,2.9876989978889354,152535,54051,114250474,120623047
1,2025-02-09 11:06:49,DuckDuckGo.exe,0.0,2.9876016913817085,152557,54054,114252938,120623383
1,2025-02-09 11:06:59,DuckDuckGo.exe,0.6,2.9876260180085152,152579,54059,114264602,120623943
1,2025-02-09 11:07:09,DuckDuckGo.exe,0.0,2.9876260180085152,152581,54059,114264826,120623943
1,2025-02-09 11:07:19,DuckDuckGo.exe,0.0,2.987723324515742,152591,54059,114265946,120623943
1,2025-02-09 11:07:29,DuckDuckGo.exe,0.0,2.987723324515742,152597,54059,114266618,120623943
1,2025-02-09 11:07:39,DuckDuckGo.exe,0.0,2.987723324515742,152601,54059,114267066,120623943
1,2025-02-09 11:07:49,DuckDuckGo.exe,0.3,2.9876260180085152,152609,54059,114267962,120623943
1,2025-02-09 11:07:59,DuckDuckGo.exe,0.3,2.987723324515742,152633,54064,114279850,120624503
1,2025-02-09 11:08:09,DuckDuckGo.exe,0.0,2.987723324515742,152635,54064,114280074,120624503
1,2025-02-09 11:08:19,DuckDuckGo.exe,0.0,2.9876260180085152,152643,54064,114280970,120624503
1,2025-02-09 11:08:29,DuckDuckGo.exe,0.0,2.987723324515742,152653,54064,114282090,120624503
1,2025-02-09 11:08:39,DuckDuckGo.exe,0.0,2.987723324515742,152653,54064,114282090,120624503
1,2025-02-09 11:08:49,DuckDuckGo.exe,0.0,2.9876260180085152,152663,54064,114283210,120624503
1,2025-02-09 11:08:59,DuckDuckGo.exe,0.0,2.9877476511425485,152677,54066,114289378,120624727
1,2025-02-09 11:09:09,DuckDuckGo.exe,0.0,2.987771977769355,152688,54069,114290610,120625063
1,2025-02-09 11:09:19,DuckDuckGo.exe,0.0,2.987771977769355,152700,54069,114291954,120625063
1,2025-02-09 11:09:29,DuckDuckGo.exe,0.0,2.987771977769355,152706,54069,114292626,120625063
1,2025-02-09 11:09:39,DuckDuckGo.exe,0.0,2.9879179375301956,152708,54069,114292850,120625063
1,2025-02-09 11:09:49,DuckDuckGo.exe,0.0,2.9879179375301956,152718,54069,114293970,120625063
1,2025-02-09 11:09:59,DuckDuckGo.exe,0.0,2.987869284276582,152726,54069,114294866,120625063
1,2025-02-09 11:10:09,DuckDuckGo.exe,0.0,2.987771977769355,152730,54069,114295314,120625063
1,2025-02-09 11:10:19,DuckDuckGo.exe,0.0,2.987869284276582,152738,54069,114296210,120625063
1,2025-02-09 11:10:30,DuckDuckGo.exe,0.3,2.987869284276582,152748,54069,114297330,120625063
1,2025-02-09 11:10:40,DuckDuckGo.exe,0.6,2.987893610903389,152760,54072,114298674,120625399
1,2025-02-09 11:10:50,DuckDuckGo.exe,0.0,2.987893610903389,152766,54072,114299346,120625399
1,2025-02-09 11:11:00,DuckDuckGo.exe,0.0,2.987796304396162,152778,54072,114300690,120625399
1,2025-02-09 11:11:10,DuckDuckGo.exe,0.0,2.987893610903389,152780,54072,114300914,120625399
1,2025-02-09 11:11:20,DuckDuckGo.exe,0.0,2.987893610903389,152788,54072,114301810,120625399
1,2025-02-09 11:11:30,DuckDuckGo.exe,0.0,2.987893610903389,152796,54072,114302706,120625399
1,2025-02-09 11:11:40,DuckDuckGo.exe,0.0,2.987893610903389,152800,54072,114303154,120625399
1,2025-02-09 11:11:50,DuckDuckGo.exe,0.0,2.987796304396162,152820,54075,114305394,120625735
1,2025-02-09 11:12:00,DuckDuckGo.exe,0.3,2.987796304396162,152832,54077,114311338,120625959
1,2025-02-09 11:12:10,DuckDuckGo.exe,0.3,2.9879179375301956,152836,54077,114311786,120625959
1,2025-02-09 11:12:20,DuckDuckGo.exe,0.0,2.9879179375301956,152844,54077,114312682,120625959
1,2025-02-09 11:12:30,DuckDuckGo.exe,0.0,2.9879422641570024,152850,54077,114313354,120625959
1,2025-02-09 11:12:40,DuckDuckGo.exe,0.0,2.9879422641570024,152856,54077,114314026,120625959
1,2025-02-09 11:12:50,DuckDuckGo.exe,0.0,2.9879422641570024,152862,54077,114314698,120625959
1,2025-02-09 11:13:00,DuckDuckGo.exe,0.3,2.985874500878434,152872,54077,114315818,120625959
1,2025-02-09 11:13:10,DuckDuckGo.exe,0.0,2.985874500878434,152876,54077,114316266,120625959
1,2025-02-09 11:13:20,DuckDuckGo.exe,0.0,2.9861664204001146,152882,54077,114316938,120625959
1,2025-02-09 11:13:30,DuckDuckGo.exe,0.3,2.9861664204001146,152892,54077,114318058,120625959
1,2025-02-09 11:13:40,DuckDuckGo.exe,0.0,2.986069113892888,152894,54077,114318282,120625959
1,2025-02-09 11:13:50,DuckDuckGo.exe,0.0,2.986069113892888,152902,54077,114319178,120625959
1,2025-02-09 11:14:00,DuckDuckGo.exe,0.0,2.986093440519695,152916,54079,114325346,120626183
1,2025-02-09 11:14:10,DuckDuckGo.exe,0.3,2.985996134012468,152918,54079,114325570,120626183
1,2025-02-09 11:14:21,DuckDuckGo.exe,0.0,2.985996134012468,152928,54079,114326690,120626183
1,2025-02-09 11:14:31,DuckDuckGo.exe,0.3,2.986117767146501,152934,54079,114327362,120626183
1,2025-02-09 11:14:41,DuckDuckGo.exe,0.0,2.986117767146501,152938,54079,114327810,120626183
1,2025-02-09 11:14:51,DuckDuckGo.exe,0.3,2.986117767146501,152946,54079,114328706,120626183
1,2025-02-09 11:15:01,DuckDuckGo.exe,0.3,2.986117767146501,152958,54081,114334650,120626407
1,2025-02-09 11:15:11,DuckDuckGo.exe,0.0,2.986117767146501,152964,54081,114335322,120626407
1,2025-02-09 11:15:21,DuckDuckGo.exe,0.0,2.986117767146501,152970,54081,114335994,120626407
1,2025-02-09 11:15:31,DuckDuckGo.exe,0.0,2.986239400280535,152982,54081,114337338,120626407
1,2025-02-09 11:15:41,DuckDuckGo.exe,0.0,2.9862637269073415,152995,54084,114338794,120626743
1,2025-02-09 11:15:51,DuckDuckGo.exe,0.0,2.986069113892888,153003,54084,114339690,120626743
1,2025-02-09 11:16:01,DuckDuckGo.exe,0.0,2.9861907470269213,153019,54086,114346082,120626967
1,2025-02-09 11:16:11,DuckDuckGo.exe,0.0,2.9861907470269213,153019,54086,114346082,120626967
1,2025-02-09 11:16:21,DuckDuckGo.exe,0.0,2.9861907470269213,153029,54086,114347202,120626967
1,2025-02-09 11:16:31,DuckDuckGo.exe,0.0,2.9861907470269213,153037,54086,114348098,120626967
1,2025-02-09 11:16:41,DuckDuckGo.exe,0.0,2.9861907470269213,153039,54086,114348322,120626967
1,2025-02-09 11:16:51,DuckDuckGo.exe,0.0,2.9861907470269213,153059,54089,114350674,120627303
1,2025-02-09 11:17:01,DuckDuckGo.exe,0.0,2.9861907470269213,153071,54091,114356618,120627527
1,2025-02-09 11:17:11,DuckDuckGo.exe,0.0,2.9861907470269213,153075,54091,114357066,120627527
1,2025-02-09 11:17:21,DuckDuckGo.exe,0.0,2.9862880535341483,153083,54091,114357962,120627527
1,2025-02-09 11:17:31,DuckDuckGo.exe,0.0,2.9862880535341483,153089,54091,114358634,120627527
1,2025-02-09 11:17:41,DuckDuckGo.exe,0.3,2.9868718925775086,153118,54097,114399066,120628199
1,2025-02-09 11:17:51,DuckDuckGo.exe,0.0,2.9870665055919616,153185,54105,114476858,120629095
1,2025-02-09 11:18:01,DuckDuckGo.exe,0.0,2.9870908322187684,153208,54110,114484426,120629655
1,2025-02-09 11:18:12,DuckDuckGo.exe,0.3,2.9870908322187684,153214,54110,114485098,120629655
1,2025-02-09 11:18:22,DuckDuckGo.exe,0.0,2.9870908322187684,153220,54110,114485770,120629655
1,2025-02-09 11:18:32,DuckDuckGo.exe,0.0,2.9870908322187684,153228,54110,114486666,120629655
1,2025-02-09 11:18:42,DuckDuckGo.exe,0.0,2.9870908322187684,153232,54110,114487114,120629655
1,2025-02-09 11:18:52,DuckDuckGo.exe,0.0,2.9870908322187684,153238,54110,114487786,120629655
1,2025-02-09 11:19:02,DuckDuckGo.exe,0.0,2.9870908322187684,153254,54112,114494570,120629879
1,2025-02-09 11:19:12,DuckDuckGo.exe,0.0,2.9869935257115414,153256,54112,114494794,120629879
1,2025-02-09 11:19:22,DuckDuckGo.exe,0.0,2.9870908322187684,153259,54112,114495130,120629879
1,2025-02-09 11:19:32,DuckDuckGo.exe,0.0,2.987188138725995,153272,54112,114496586,120629879
1,2025-02-09 11:19:42,DuckDuckGo.exe,0.0,2.987188138725995,153274,54112,114496810,120629879
1,2025-02-09 11:19:52,DuckDuckGo.exe,0.0,2.987042178965155,153283,54112,114497930,120629879
1,2025-02-09 11:20:02,DuckDuckGo.exe,0.0,2.9870665055919616,153304,54117,114510378,120630439
1,2025-02-09 11:20:12,DuckDuckGo.exe,0.0,2.9870908322187684,153306,54117,114510602,120630439
1,2025-02-09 11:20:22,DuckDuckGo.exe,0.0,2.9870908322187684,153311,54119,114511162,120630663
1,2025-02-09 11:20:32,DuckDuckGo.exe,0.0,2.9870908322187684,153323,54119,114512842,120630663
1,2025-02-09 11:20:42,DuckDuckGo.exe,2.8,3.154020145366191,153324,54119,114512954,120630663
1,2025-02-09 11:20:52,DuckDuckGo.exe,0.0,3.1538741856053507,153340,54120,114514746,120630775
1,2025-02-09 11:21:02,DuckDuckGo.exe,0.0,3.153825532351738,153351,54122,114520970,120630999
1,2025-02-09 11:21:12,DuckDuckGo.exe,0.3,3.153825532351738,153354,54122,114521306,120630999
1,2025-02-09 11:21:22,DuckDuckGo.exe,0.3,3.153752552471318,153364,54122,114522426,120630999
1,2025-02-09 11:21:32,DuckDuckGo.exe,0.0,3.153752552471318,153372,54122,114523322,120630999
1,2025-02-09 11:21:42,DuckDuckGo.exe,0.0,3.153655245964091,153373,54122,114523434,120630999
1,2025-02-09 11:21:52,DuckDuckGo.exe,0.0,3.153655245964091,153374,54122,114523546,120630999
1,2025-02-09 11:22:02,DuckDuckGo.exe,0.0,3.1536795725908977,153398,54127,114536218,120631559
1,2025-02-09 11:22:13,DuckDuckGo.exe,0.0,3.153728225844511,153410,54130,114537674,120631895
1,2025-02-09 11:22:23,DuckDuckGo.exe,0.3,3.1536309193372842,153410,54130,114537674,120631895
1,2025-02-09 11:22:33,DuckDuckGo.exe,0.0,3.1538741856053507,153412,54130,114537898,120631895
1,2025-02-09 11:22:43,DuckDuckGo.exe,0.0,3.1538741856053507,153416,54130,114538346,120631895
1,2025-02-09 11:22:53,DuckDuckGo.exe,0.0,3.153728225844511,153423,54132,114544122,120632119
1,2025-02-09 11:23:03,DuckDuckGo.exe,0.0,3.153922838858964,153429,54134,114544794,120632343
1,2025-02-09 11:23:13,DuckDuckGo.exe,0.3,3.153922838858964,153434,54135,114545354,120632455
1,2025-02-09 11:23:23,DuckDuckGo.exe,0.0,3.1523902613701438,153448,54137,114558722,120632679
1,2025-02-09 11:23:33,DuckDuckGo.exe,0.3,3.1524875678773703,153450,54137,114558946,120632679
1,2025-02-09 11:23:43,DuckDuckGo.exe,0.0,3.152511894504177,153463,54141,114560402,120633127
1,2025-02-09 11:23:53,DuckDuckGo.exe,0.0,3.1524632412505635,153473,54144,114561522,120633463
1,2025-02-09 11:24:03,DuckDuckGo.exe,0.3,3.152609201011404,153488,54148,114568194,120633911
1,2025-02-09 11:24:13,DuckDuckGo.exe,0.0,3.1525605477577905,153495,54151,114568978,120634247
1,2025-02-09 11:24:23,DuckDuckGo.exe,0.0,3.1525605477577905,153499,54153,114569426,120634471
1,2025-02-09 11:24:33,DuckDuckGo.exe,0.0,3.1525605477577905,153509,54157,114570546,120634919
1,2025-02-09 11:24:43,DuckDuckGo.exe,0.0,3.152876793906277,153517,54159,114590466,120635143
1,2025-02-09 11:24:53,DuckDuckGo.exe,0.3,3.153655245964091,153545,54165,114743666,120635815
1,2025-02-09 11:25:03,DuckDuckGo.exe,0.0,3.1553581098405585,153618,54176,114860562,120637047
1,2025-02-09 11:25:13,DuckDuckGo.exe,0.0,3.1553581098405585,153620,54176,114860786,120637047
1,2025-02-09 11:25:23,DuckDuckGo.exe,0.0,3.1552608033333316,153624,54176,114861234,120637047
1,2025-02-09 11:25:33,DuckDuckGo.exe,0.0,3.1552608033333316,153641,54176,114863138,120637047
1,2025-02-09 11:25:43,DuckDuckGo.exe,0.0,3.1552608033333316,153641,54176,114863138,120637047
1,2025-02-09 11:25:53,DuckDuckGo.exe,0.0,3.1552608033333316,153647,54176,114863810,120637047
1,2025-02-09 11:26:04,DuckDuckGo.exe,0.3,3.1552121500797186,153683,54184,114877938,120637943
1,2025-02-09 11:26:14,DuckDuckGo.exe,0.0,3.155333783213752,153683,54184,114877938,120637943
1,2025-02-09 11:26:24,DuckDuckGo.exe,0.0,3.155333783213752,153689,54184,114878610,120637943
1,2025-02-09 11:26:34,DuckDuckGo.exe,0.0,3.1552364767065253,153699,54184,114879730,120637943
1,2025-02-09 11:26:44,DuckDuckGo.exe,0.0,3.155504069601398,153701,54184,114879954,120637943
1,2025-02-09 11:26:54,DuckDuckGo.exe,0.0,3.155406763094172,153707,54184,114880626,120637943
1,2025-02-09 11:27:04,DuckDuckGo.exe,0.3,3.155333783213752,153721,54186,114887186,120638167
1,2025-02-09 11:27:14,DuckDuckGo.exe,0.3,3.155333783213752,153723,54186,114887410,120638167
1,2025-02-09 11:27:24,DuckDuckGo.exe,0.0,3.155333783213752,153729,54186,114888082,120638167
1,2025-02-09 11:27:34,DuckDuckGo.exe,0.0,3.1555527228550115,153734,54186,114888642,120638167
1,2025-02-09 11:27:44,DuckDuckGo.exe,0.0,3.155309456586945,153824,54200,115011434,120639735
1,2025-02-09 11:27:54,DuckDuckGo.exe,0.6,3.155309456586945,153836,54200,115012890,120639735
1,2025-02-09 11:28:04,DuckDuckGo.exe,0.0,3.1447760271796534,153870,54206,115016698,120640407
1,2025-02-09 11:28:14,DuckDuckGo.exe,0.0,3.1449463135673006,153874,54206,115017146,120640407
1,2025-02-09 11:28:24,DuckDuckGo.exe,0.3,3.144994966820914,153890,54209,115018938,120640743
1,2025-02-09 11:28:34,DuckDuckGo.exe,0.0,3.145019293447721,153902,54209,115020282,120640743
1,2025-02-09 11:28:44,DuckDuckGo.exe,0.0,3.145019293447721,153902,54209,115020282,120640743
1,2025-02-09 11:28:54,DuckDuckGo.exe,0.0,3.144994966820914,153910,54209,115021178,120640743
1,2025-02-09 11:29:04,DuckDuckGo.exe,0.6,3.145043620074527,153926,54211,115027962,120640967
1,2025-02-09 11:29:14,DuckDuckGo.exe,0.0,3.144824680433267,153926,54211,115027962,120640967
1,2025-02-09 11:29:24,DuckDuckGo.exe,0.0,3.1450922733281406,153956,54216,115031322,120641527
1,2025-02-09 11:29:34,DuckDuckGo.exe,0.0,3.146381584548894,153963,54216,115032106,120641527
1,2025-02-09 11:29:44,DuckDuckGo.exe,0.3,3.154993210438458,153963,54216,115032106,120641527
1,2025-02-09 11:29:54,DuckDuckGo.exe,0.0,3.1548229240508117,153977,54220,115040530,120641975
1,2025-02-09 11:30:04,DuckDuckGo.exe,0.0,3.1528524672794704,154005,54230,115060506,120643095
1,2025-02-09 11:30:15,DuckDuckGo.exe,0.0,3.1534849595764443,154108,54242,115198682,120644439
1,2025-02-09 11:30:25,DuckDuckGo.exe,0.0,3.1534849595764443,154112,54242,115199130,120644439
1,2025-02-09 11:30:35,DuckDuckGo.exe,0.0,3.1534849595764443,154120,54242,115200026,120644439
1,2025-02-09 11:30:45,DuckDuckGo.exe,0.0,3.1534849595764443,154128,54242,115200922,120644439
1,2025-02-09 11:30:55,DuckDuckGo.exe,0.0,3.1533633264424106,154131,54242,115201258,120644439
1,2025-02-09 11:31:05,DuckDuckGo.exe,0.0,3.153509286203251,154158,54247,115209274,120644999
1,2025-02-09 11:31:15,DuckDuckGo.exe,0.0,3.153509286203251,154164,54247,115209946,120644999
1,2025-02-09 11:31:25,DuckDuckGo.exe,0.0,3.1526335276382107,154168,54247,115210394,120644999
1,2025-02-09 11:31:35,DuckDuckGo.exe,0.0,3.1527308341454376,154176,54247,115211290,120644999
1,2025-02-09 11:31:45,DuckDuckGo.exe,0.0,3.1527308341454376,154181,54247,115211962,120644999
1,2025-02-09 11:31:55,DuckDuckGo.exe,0.0,3.1527551607722435,154185,54247,115212410,120644999
1,2025-02-09 11:32:05,DuckDuckGo.exe,0.0,3.1527794873990502,154207,54252,115225082,120645559
1,2025-02-09 11:32:15,DuckDuckGo.exe,0.0,3.1527794873990502,154215,54252,115225978,120645559
1,2025-02-09 11:32:25,DuckDuckGo.exe,0.0,3.152682180891824,154219,54252,115226426,120645559
1,2025-02-09 11:32:35,DuckDuckGo.exe,0.0,3.1527794873990502,154225,54252,115227098,120645559
1,2025-02-09 11:32:45,DuckDuckGo.exe,0.3,3.152803814025857,154235,54252,115228218,120645559
1,2025-02-09 11:32:55,DuckDuckGo.exe,0.0,3.1528281406526637,154247,54255,115229562,120645895
1,2025-02-09 11:33:05,DuckDuckGo.exe,0.0,3.1528281406526637,154261,54257,115236122,120646119
1,2025-02-09 11:33:15,DuckDuckGo.exe,0.3,3.1528281406526637,154271,54257,115237242,120646119
1,2025-02-09 11:33:25,DuckDuckGo.exe,0.0,3.1528281406526637,154271,54257,115237242,120646119
1,2025-02-09 11:33:35,DuckDuckGo.exe,0.3,3.1528281406526637,154279,54257,115238138,120646119
1,2025-02-09 11:33:45,DuckDuckGo.exe,0.0,3.152682180891824,154289,54257,115239258,120646119
1,2025-02-09 11:33:55,DuckDuckGo.exe,0.0,3.152682180891824,154291,54257,115239482,120646119
1,2025-02-09 11:34:06,DuckDuckGo.exe,0.0,3.1525848743845972,154301,54257,115240602,120646119
1,2025-02-09 11:34:16,DuckDuckGo.exe,0.3,3.152682180891824,154309,54257,115241498,120646119
1,2025-02-09 11:34:26,DuckDuckGo.exe,0.3,3.152682180891824,154311,54257,115241722,120646119
1,2025-02-09 11:34:36,DuckDuckGo.exe,0.0,3.1529254471598906,154319,54257,115242618,120646119
1,2025-02-09 11:34:46,DuckDuckGo.exe,0.0,3.1529254471598906,154328,54257,115243738,120646119
1,2025-02-09 11:34:56,DuckDuckGo.exe,0.0,3.1529497737866974,154340,54260,115245082,120646455
1,2025-02-09 11:35:06,DuckDuckGo.exe,0.0,3.152998427040311,154364,54265,115257754,120647015
1,2025-02-09 11:35:16,DuckDuckGo.exe,0.0,3.153314673188797,154386,54268,115281442,120647351
1,2025-02-09 11:35:26,DuckDuckGo.exe,0.0,3.153338999815604,154392,54268,115282114,120647351
1,2025-02-09 11:35:36,DuckDuckGo.exe,0.3,3.153241693308378,154398,54268,115282786,120647351
1,2025-02-09 11:35:46,DuckDuckGo.exe,0.0,3.153241693308378,154408,54268,115283906,120647351
1,2025-02-09 11:35:56,DuckDuckGo.exe,0.0,3.153241693308378,154412,54268,115284354,120647351
1,2025-02-09 11:36:06,DuckDuckGo.exe,0.0,3.1532903465619904,154449,54276,115298482,120648247
1,2025-02-09 11:36:16,DuckDuckGo.exe,0.0,3.1532903465619904,154453,54276,115298930,120648247
1,2025-02-09 11:36:26,DuckDuckGo.exe,0.0,3.1532903465619904,154459,54276,115299602,120648247
1,2025-02-09 11:36:36,DuckDuckGo.exe,0.3,3.1532903465619904,154467,54276,115300498,120648247
1,2025-02-09 11:36:46,DuckDuckGo.exe,0.0,3.1532903465619904,154471,54276,115300946,120648247
1,2025-02-09 11:36:56,DuckDuckGo.exe,0.3,3.153314673188797,154485,54278,115307506,120648471
1,2025-02-09 11:37:06,DuckDuckGo.exe,0.0,3.153120060174344,154491,54278,115308178,120648471
1,2025-02-09 11:37:16,DuckDuckGo.exe,0.6,3.153022753667117,154497,54278,115308850,120648471
1,2025-02-09 11:37:26,DuckDuckGo.exe,0.3,3.1532660199351845,154503,54278,115309522,120648471
1,2025-02-09 11:37:36,DuckDuckGo.exe,0.0,3.1532660199351845,154509,54278,115310194,120648471
1,2025-02-09 11:37:46,DuckDuckGo.exe,0.0,3.1532660199351845,154517,54278,115311090,120648471
1,2025-02-09 11:37:56,DuckDuckGo.exe,0.6,3.1532660199351845,154529,54280,115317426,120648695
1,2025-02-09 11:38:07,DuckDuckGo.exe,0.0,3.1532660199351845,154547,54283,115319442,120649031
1,2025-02-09 11:38:17,DuckDuckGo.exe,0.0,3.1532660199351845,154553,54283,115320114,120649031
1,2025-02-09 11:38:27,DuckDuckGo.exe,0.3,3.1532660199351845,154557,54283,115320562,120649031
1,2025-02-09 11:38:37,DuckDuckGo.exe,0.3,3.153241693308378,154567,54283,115321682,120649031
1,2025-02-09 11:38:47,DuckDuckGo.exe,0.0,3.1532660199351845,154571,54283,115322130,120649031
1,2025-02-09 11:38:57,DuckDuckGo.exe,0.0,3.1532660199351845,154583,54285,115328466,120649255
1,2025-02-09 11:39:07,DuckDuckGo.exe,0.0,3.1538012057249314,154606,54288,115372026,120649591
1,2025-02-09 11:39:17,DuckDuckGo.exe,0.0,3.1538012057249314,154621,54291,115373706,120649927
1,2025-02-09 11:39:27,DuckDuckGo.exe,0.0,3.1538012057249314,154629,54291,115374602,120649927
1,2025-02-09 11:39:37,DuckDuckGo.exe,0.3,3.1538012057249314,154635,54291,115375274,120649927
1,2025-02-09 11:39:47,DuckDuckGo.exe,0.0,3.1538012057249314,154643,54291,115376170,120649927
1,2025-02-09 11:39:57,DuckDuckGo.exe,0.0,3.1538741856053507,154665,54296,115383626,120650487
1,2025-02-09 11:40:07,DuckDuckGo.exe,0.0,3.1538741856053507,154669,54296,115384074,120650487
1,2025-02-09 11:40:17,DuckDuckGo.exe,0.3,3.1538741856053507,154679,54296,115385194,120650487
1,2025-02-09 11:40:27,DuckDuckGo.exe,0.0,3.1539714921125777,154683,54296,115385642,120650487
1,2025-02-09 11:40:37,DuckDuckGo.exe,0.0,3.1539714921125777,154689,54296,115386314,120650487
1,2025-02-09 11:40:47,DuckDuckGo.exe,0.0,3.1539958187393844,154710,54299,115394570,120650823
1,2025-02-09 11:40:57,DuckDuckGo.exe,0.0,3.1538985122321574,154716,54299,115395242,120650823
1,2025-02-09 11:41:07,DuckDuckGo.exe,0.0,3.1538985122321574,154724,54299,115396138,120650823
1,2025-02-09 11:41:17,DuckDuckGo.exe,0.3,3.2915142400775337,154730,54299,115396810,120650823
1,2025-02-09 11:41:27,DuckDuckGo.exe,0.0,3.2380929676100694,154864,54353,115437211,120659347
1,2025-02-09 11:41:37,DuckDuckGo.exe,0.0,3.2380929676100694,154870,54353,115437883,120659347
1,2025-02-09 11:41:48,DuckDuckGo.exe,0.0,3.242204167540398,154877,54353,115438667,120659347
1,2025-02-09 11:41:58,DuckDuckGo.exe,0.0,3.243469152134345,154892,54363,115445339,120660467
1,2025-02-09 11:42:08,DuckDuckGo.exe,0.0,3.243469152134345,154896,54363,115445787,120660467
1,2025-02-09 11:42:18,DuckDuckGo.exe,0.0,3.243469152134345,154904,54363,115446683,120660467
1,2025-02-09 11:42:28,DuckDuckGo.exe,0.9,3.2443692373261923,155596,54693,115615774,120708719
1,2025-02-09 11:42:38,DuckDuckGo.exe,0.6,3.244393563952999,156435,54974,115752814,120734095
1,2025-02-09 11:42:48,DuckDuckGo.exe,0.3,3.2444422172066125,156600,55007,115772302,120737791
1,2025-02-09 11:42:58,DuckDuckGo.exe,0.0,3.244393563952999,156638,55013,115776302,120738463
1,2025-02-09 11:43:08,DuckDuckGo.exe,0.0,3.244393563952999,156654,55016,115778094,120738799
1,2025-02-09 11:43:18,DuckDuckGo.exe,0.3,3.2697175824587505,157583,55398,115927175,120785793
1,2025-02-09 11:43:28,DuckDuckGo.exe,0.0,3.2698635422195905,158047,55549,115996336,120806837
1,2025-02-09 11:43:38,DuckDuckGo.exe,0.9,3.2699365221000107,158690,55741,116088349,120831965
1,2025-02-09 11:43:48,DuckDuckGo.exe,0.9,3.2698878688463973,159067,55855,116146989,120842701
1,2025-02-09 11:43:58,DuckDuckGo.exe,0.3,3.270544687770178,160296,56315,116375513,120882733
1,2025-02-09 11:44:08,DuckDuckGo.exe,0.6,3.2713717930816046,160777,56491,116447251,120909503
1,2025-02-09 11:44:18,DuckDuckGo.exe,0.6,3.271761019110511,161351,56703,116526865,120947225
1,2025-02-09 11:44:28,DuckDuckGo.exe,0.6,3.271663712603285,161602,56763,116558997,120956648
1,2025-02-09 11:44:38,DuckDuckGo.exe,0.0,3.2718826522445448,162129,56954,116634908,120988648
1,2025-02-09 11:44:48,DuckDuckGo.exe,0.0,3.2718826522445448,162186,56964,116641148,120989768
1,2025-02-09 11:44:58,DuckDuckGo.exe,1.2,3.2802996651196556,162289,57007,116659653,120997568
1,2025-02-09 11:45:08,DuckDuckGo.exe,0.3,3.250304934267022,162355,57009,116667045,120997792
1,2025-02-09 11:45:19,DuckDuckGo.exe,0.0,3.2501346478793747,162482,57027,116694741,120999808
1,2025-02-09 11:45:29,DuckDuckGo.exe,0.3,3.2501346478793747,162606,57041,116713141,121001376
1,2025-02-09 11:45:39,DuckDuckGo.exe,0.3,3.2500616679989545,162799,57067,116735205,121004288
1,2025-02-09 11:45:49,DuckDuckGo.exe,0.0,3.2502562810134084,163055,57091,116764325,121006976
1,2025-02-09 11:45:59,DuckDuckGo.exe,0.6,3.2503535875206353,163286,57119,116799733,121014096
1,2025-02-09 11:46:09,DuckDuckGo.exe,0.6,3.2505482005350883,163547,57143,116829413,121016784
1,2025-02-09 11:46:19,DuckDuckGo.exe,0.6,3.250815793429962,163783,57171,116856069,121019920
1,2025-02-09 11:46:29,DuckDuckGo.exe,0.0,3.251059059698029,164001,57193,116881045,121022384
1,2025-02-09 11:46:39,DuckDuckGo.exe,0.3,3.256240631207851,164066,57263,116888437,121030224
1,2025-02-09 11:46:49,DuckDuckGo.exe,0.0,3.2531268229765966,164072,57263,116889109,121030224
1,2025-02-09 11:46:59,DuckDuckGo.exe,0.0,3.2521780845311357,164105,57267,116914181,121030672
1,2025-02-09 11:47:09,DuckDuckGo.exe,0.0,3.252494330679623,164136,57273,116926237,121031344
1,2025-02-09 11:47:19,DuckDuckGo.exe,0.0,3.2525186573064295,164246,57275,116956653,121031568
1,2025-02-09 11:47:29,DuckDuckGo.exe,0.3,3.252761923574496,164433,57296,116986917,121033920
1,2025-02-09 11:47:39,DuckDuckGo.exe,0.0,3.2528835567085292,164536,57314,116998901,121035936
1,2025-02-09 11:47:49,DuckDuckGo.exe,0.3,3.2533214359910496,164799,57373,117119443,121041782
1,2025-02-09 11:47:59,DuckDuckGo.exe,0.0,3.2534673957518896,164995,57389,117159555,121043574
1,2025-02-09 11:48:09,DuckDuckGo.exe,0.0,3.2542945010633173,165237,57424,117187331,121048174
1,2025-02-09 11:48:19,DuckDuckGo.exe,0.0,3.2541728679292836,165422,57442,117208387,121050190
1,2025-02-09 11:48:29,DuckDuckGo.exe,0.0,3.25434315431693,165587,57462,117242763,121052430
1,2025-02-09 11:48:39,DuckDuckGo.exe,0.3,3.254586420584997,165837,57516,117274703,121057970
1,2025-02-09 11:48:49,DuckDuckGo.exe,1.6,3.2548053602262574,166219,57637,117336659,121068982
1,2025-02-09 11:48:59,DuckDuckGo.exe,0.6,3.254854013479871,166556,57751,117399693,121079464
1,2025-02-09 11:49:09,DuckDuckGo.exe,0.0,3.2532484561106294,166687,57769,117427021,121081480
1,2025-02-09 11:49:20,DuckDuckGo.exe,0.0,3.2529565365889495,166830,57785,117443037,121083272
1,2025-02-09 11:49:30,DuckDuckGo.exe,0.0,3.2528835567085292,166974,57806,117467829,121085624
1,2025-02-09 11:49:40,DuckDuckGo.exe,0.3,3.252907883335336,167172,57878,117507475,121091910
1,2025-02-09 11:49:50,DuckDuckGo.exe,0.3,3.252980863215756,167405,57948,117554981,121098480
1,2025-02-09 11:50:00,DuckDuckGo.exe,0.3,3.252980863215756,167430,57950,117562885,121098704
1,2025-02-09 11:50:10,DuckDuckGo.exe,0.0,3.2517402052486153,167538,57952,117579125,121098928
1,2025-02-09 11:50:20,DuckDuckGo.exe,0.0,3.2518131851290355,167750,57982,117615781,121102288
1,2025-02-09 11:50:30,DuckDuckGo.exe,0.0,3.2519104916362624,168191,58138,117700425,121116204
1,2025-02-09 11:50:40,DuckDuckGo.exe,0.0,3.252056451397103,168410,58186,117761423,121120818
1,2025-02-09 11:50:50,DuckDuckGo.exe,0.3,3.2521537579043294,168560,58191,117801271,121121378
1,2025-02-09 11:51:00,DuckDuckGo.exe,1.2,3.2524213507992026,168803,58218,117833655,121124402
1,2025-02-09 11:51:10,DuckDuckGo.exe,0.0,3.2525916371868497,168991,58236,117855047,121126418
1,2025-02-09 11:51:20,DuckDuckGo.exe,0.6,3.252834903454916,169249,58268,117884167,121130002
1,2025-02-09 11:51:30,DuckDuckGo.exe,0.0,3.252980863215756,169322,58282,117892679,121131570
1,2025-02-09 11:51:40,DuckDuckGo.exe,0.0,3.252980863215756,169348,58282,117895591,121131570
1,2025-02-09 11:51:50,DuckDuckGo.exe,0.3,3.2531268229765966,169609,58298,117933535,121133362
1,2025-02-09 11:52:00,DuckDuckGo.exe,0.0,3.253418742498276,169880,58351,117980955,121138790
1,2025-02-09 11:52:10,DuckDuckGo.exe,1.2,3.2536620087663435,170112,58374,118011451,121141366
1,2025-02-09 11:52:20,DuckDuckGo.exe,0.0,3.252032124770296,170219,58404,118025941,121144472
1,2025-02-09 11:52:30,DuckDuckGo.exe,0.0,3.2521780845311357,170477,58484,118073637,121153120
1,2025-02-09 11:52:40,DuckDuckGo.exe,0.6,3.2522024111579424,171035,58678,118176017,121171996
1,2025-02-09 11:52:50,DuckDuckGo.exe,0.0,3.2522024111579424,171154,58721,118196185,121175796
1,2025-02-09 11:53:00,DuckDuckGo.exe,0.0,3.2522024111579424,171166,58723,118202521,121176020
1,2025-02-09 11:53:10,DuckDuckGo.exe,0.0,3.2520807780239096,171180,58726,118204089,121176356
1,2025-02-09 11:53:21,DuckDuckGo.exe,0.0,3.2521780845311357,171190,58726,118205209,121176356
1,2025-02-09 11:53:31,DuckDuckGo.exe,0.0,3.2521780845311357,171194,58726,118205657,121176356
1,2025-02-09 11:53:41,DuckDuckGo.exe,0.0,3.2520807780239096,171200,58726,118206329,121176356
1,2025-02-09 11:53:51,DuckDuckGo.exe,0.0,3.2522024111579424,171208,58726,118207225,121176356
1,2025-02-09 11:54:01,DuckDuckGo.exe,0.0,3.2523240442919756,171220,58728,118213561,121176580
1,2025-02-09 11:54:11,DuckDuckGo.exe,0.6,3.2524456774260093,171489,58821,118276675,121186470
1,2025-02-09 11:54:21,DuckDuckGo.exe,0.0,3.252470004052816,171499,58821,118277795,121186470
1,2025-02-09 11:54:31,DuckDuckGo.exe,0.0,3.252494330679623,171517,58824,118279811,121186806
1,2025-02-09 11:54:41,DuckDuckGo.exe,0.0,3.252397024172396,171547,58834,118284973,121187672
1,2025-02-09 11:54:51,DuckDuckGo.exe,1.2,3.252907883335336,172284,59129,118421607,121214362
1,2025-02-09 11:55:01,DuckDuckGo.exe,0.0,3.251934818263069,172296,59131,118427943,121214586
1,2025-02-09 11:55:11,DuckDuckGo.exe,0.3,3.2137176875497784,172617,59222,118493025,121224252
1,2025-02-09 11:55:21,DuckDuckGo.exe,0.0,3.213887973937425,172652,59228,118503681,121224924
1,2025-02-09 11:55:31,DuckDuckGo.exe,0.3,3.219507424729768,173337,59607,118766925,121290384
1,2025-02-09 11:55:41,DuckDuckGo.exe,3.1,3.2192884850885077,174173,59987,118954986,121350002
1,2025-02-09 11:55:51,DuckDuckGo.exe,0.3,3.218266766762627,174298,60042,118989005,121358559
1,2025-02-09 11:56:01,DuckDuckGo.exe,1.6,3.248869663285428,176717,61155,121786810,121934221
1,2025-02-09 11:56:11,DuckDuckGo.exe,0.9,3.2437610716560252,177301,61390,122538645,121973089
1,2025-02-09 11:56:21,DuckDuckGo.exe,0.6,3.2465586337387933,177598,61461,123176933,122019759
1,2025-02-09 11:56:31,DuckDuckGo.exe,0.0,3.247410065677027,177631,61476,123247309,122036805
1,2025-02-09 11:56:41,DuckDuckGo.exe,0.3,3.2473370857966066,177767,61476,123262541,122036805
1,2025-02-09 11:56:51,DuckDuckGo.exe,0.0,3.248261497615261,177917,61500,123518117,122045693
1,2025-02-09 11:57:01,DuckDuckGo.exe,0.3,3.2486020703905543,177974,61506,123629525,122046365
1,2025-02-09 11:57:11,DuckDuckGo.exe,0.0,3.2486507236441677,178089,61554,123674393,122054055
1,2025-02-09 11:57:21,DuckDuckGo.exe,3.1,3.2442962574457725,178676,61793,123794540,122096757
1,2025-02-09 11:57:32,DuckDuckGo.exe,0.9,3.243542132014765,179702,62193,124041034,122131651
1,2025-02-09 11:57:42,DuckDuckGo.exe,3.8,3.2457801816809795,180411,62489,124165089,122179977
1,2025-02-09 11:57:52,DuckDuckGo.exe,0.3,3.244077317804512,180803,62657,124221618,122209679
1,2025-02-09 11:58:02,DuckDuckGo.exe,1.6,3.2809564840434353,181168,62858,124303507,122242574
1,2025-02-09 11:58:12,DuckDuckGo.exe,0.0,3.259500399199946,181311,62908,124379518,122247250
1,2025-02-09 11:58:22,DuckDuckGo.exe,0.3,3.2598896252288525,181464,62919,124573550,122254706
1,2025-02-09 11:58:32,DuckDuckGo.exe,0.0,3.260351831138179,181549,62928,124699510,122255714
1,2025-02-09 11:58:42,DuckDuckGo.exe,0.0,3.2607167305402798,181638,62934,124790030,122256386
1,2025-02-09 11:58:52,DuckDuckGo.exe,0.9,3.2610086500619597,182050,63079,125058496,122286704
1,2025-02-09 11:59:02,DuckDuckGo.exe,0.0,3.255900058432558,182197,63108,125131278,122293262
1,2025-02-09 11:59:12,DuckDuckGo.exe,0.0,3.2568001436244045,182464,63151,125426446,122298078
1,2025-02-09 11:59:22,DuckDuckGo.exe,0.6,3.2698148889659775,182756,63311,125546897,122320318
1,2025-02-09 11:59:32,DuckDuckGo.exe,0.6,3.2687445173864833,183002,63407,125588200,122331898
1,2025-02-09 11:59:42,DuckDuckGo.exe,0.0,3.2686958641328703,183240,63441,125615522,122335452
1,2025-02-09 11:59:52,DuckDuckGo.exe,6.5,3.2688174972669035,184305,63873,126002031,122398442
1,2025-02-09 12:00:02,DuckDuckGo.exe,1.9,3.2697175824587505,185213,64288,126170639,122466084
1,2025-02-09 12:00:12,DuckDuckGo.exe,0.0,3.1474033028747748,185451,64382,126216268,122478456
1,2025-02-09 12:00:22,DuckDuckGo.exe,0.0,3.146211298161248,185763,64503,126259058,122498748
1,2025-02-09 12:00:32,DuckDuckGo.exe,0.0,3.1462842780416675,186037,64521,126314850,122500764
1,2025-02-09 12:00:42,DuckDuckGo.exe,0.6,3.1464302378025075,186627,64725,126421488,122518786
1,2025-02-09 12:00:52,DuckDuckGo.exe,0.6,3.1467951372046077,187493,65040,126578766,122547208
1,2025-02-09 12:01:02,DuckDuckGo.exe,2.2,3.1470627300994813,188780,65552,126873888,122592106
1,2025-02-09 12:01:13,DuckDuckGo.exe,0.3,3.146989750219061,189192,65679,126982398,122604552
1,2025-02-09 12:01:23,DuckDuckGo.exe,0.0,3.146989750219061,189396,65703,127038896,122606986
1,2025-02-09 12:01:33,DuckDuckGo.exe,0.0,3.1463329312952806,189454,65711,127061608,122607882
1,2025-02-09 12:01:43,DuckDuckGo.exe,0.0,3.146381584548894,189583,65721,127092256,122609002
1,2025-02-09 12:01:53,DuckDuckGo.exe,1.2,3.1466005241901547,189904,65813,127185880,122617274
1,2025-02-09 12:02:03,DuckDuckGo.exe,0.0,3.147014076845868,190168,65844,127286616,122620746
1,2025-02-09 12:02:13,DuckDuckGo.exe,0.3,3.1472816697407415,190615,65956,127414506,122631004
1,2025-02-09 12:02:23,DuckDuckGo.exe,0.0,3.1472816697407415,190889,65986,127508778,122634364
1,2025-02-09 12:02:33,DuckDuckGo.exe,0.0,3.1475492626356147,191099,66007,127591314,122636716
1,2025-02-09 12:02:43,DuckDuckGo.exe,0.0,3.147841182157295,191300,66035,127685418,122639852
1,2025-02-09 12:02:53,DuckDuckGo.exe,0.6,3.1484006945738483,192056,66332,127846794,122666004
1,2025-02-09 12:03:03,DuckDuckGo.exe,0.0,3.146551870936541,192455,66435,127936402,122675508
1,2025-02-09 12:03:13,DuckDuckGo.exe,0.0,3.1465032176829277,192639,66459,127957570,122678196
1,2025-02-09 12:03:23,DuckDuckGo.exe,0.6,3.1466978306973816,192917,66497,127989602,122682452
1,2025-02-09 12:03:33,DuckDuckGo.exe,1.9,3.146722157324188,193550,66752,128118948,122704662
1,2025-02-09 12:03:43,DuckDuckGo.exe,0.0,3.1467951372046077,193703,66778,128207292,122707574
1,2025-02-09 12:03:53,DuckDuckGo.exe,0.3,3.1467464839509947,193776,66793,128233596,122709254
1,2025-02-09 12:04:03,DuckDuckGo.exe,0.0,3.1469410969654477,193802,66795,128241500,122709478
1,2025-02-09 12:04:13,DuckDuckGo.exe,0.0,3.147184363233515,193972,66854,128265504,122718126
1,2025-02-09 12:04:23,DuckDuckGo.exe,0.3,3.1472816697407415,194747,67122,128409005,122744906
1,2025-02-09 12:04:33,DuckDuckGo.exe,0.0,3.1474033028747748,194987,67150,128499965,122748042
1,2025-02-09 12:04:43,DuckDuckGo.exe,0.3,3.1475492626356147,195130,67166,128557701,122749834
1,2025-02-09 12:04:54,DuckDuckGo.exe,0.0,3.1480114685449414,195560,67278,128688397,122760346
1,2025-02-09 12:05:04,DuckDuckGo.exe,0.0,3.148230408186202,195750,67299,128773053,122762698
1,2025-02-09 12:05:14,DuckDuckGo.exe,0.0,3.141200013039072,196276,67459,128921945,122777062
1,2025-02-09 12:05:24,DuckDuckGo.exe,0.3,3.1412729929194922,196592,67495,129035305,122781094
1,2025-02-09 12:05:34,DuckDuckGo.exe,0.0,3.1414432793071385,196826,67513,129101673,122783110
1,2025-02-09 12:05:44,DuckDuckGo.exe,0.3,3.141662218948399,197046,67531,129183793,122785126
1,2025-02-09 12:05:54,DuckDuckGo.exe,0.6,3.141832505336046,197325,67577,129343337,122830118
1,2025-02-09 12:06:04,DuckDuckGo.exe,0.0,3.1419784650968854,197647,67682,129420923,122840608
1,2025-02-09 12:06:14,DuckDuckGo.exe,13.1,3.3434029350561776,200266,68894,132603589,127077419
1,2025-02-09 12:06:24,DuckDuckGo.exe,0.6,3.3498981444135607,200475,68931,133234005,127089137
1,2025-02-09 12:06:34,DuckDuckGo.exe,0.0,3.3520875408261617,200656,68951,133534869,127097521
1,2025-02-09 12:06:44,DuckDuckGo.exe,0.6,3.347587114866926,200743,68965,133683885,127099089
1,2025-02-09 12:06:54,DuckDuckGo.exe,0.0,3.347587114866926,200743,68965,133683885,127099089
1,2025-02-09 12:07:04,DuckDuckGo.exe,0.0,3.347587114866926,200753,68965,133685005,127099089
1,2025-02-09 12:07:14,DuckDuckGo.exe,0.0,3.3476357681205395,200783,68971,133738717,127099761
1,2025-02-09 12:07:24,DuckDuckGo.exe,0.0,3.338975488977362,201074,69140,133877668,127126639
1,2025-02-09 12:07:34,DuckDuckGo.exe,0.0,3.339291735125849,201402,69283,133964239,127149909
1,2025-02-09 12:07:44,DuckDuckGo.exe,0.0,3.339389041633076,201416,69286,133970799,127150245
1,2025-02-09 12:07:54,DuckDuckGo.exe,0.0,3.3393403883794623,201422,69286,133971471,127150245
1,2025-02-09 12:08:04,DuckDuckGo.exe,0.0,3.3390484688577824,201430,69286,133972367,127150245
1,2025-02-09 12:08:14,DuckDuckGo.exe,0.0,3.3386349162020683,201443,69289,133978927,127150581
1,2025-02-09 12:08:24,DuckDuckGo.exe,0.0,3.3386349162020683,201449,69289,133979599,127150581
1,2025-02-09 12:08:34,DuckDuckGo.exe,0.0,3.3386349162020683,201457,69289,133980495,127150581
1,2025-02-09 12:08:44,DuckDuckGo.exe,0.0,3.3386349162020683,201465,69289,133981391,127150581
1,2025-02-09 12:08:55,DuckDuckGo.exe,0.0,3.3387322227092953,201467,69289,133981615,127150581
1,2025-02-09 12:09:05,DuckDuckGo.exe,0.0,3.3387322227092953,201475,69289,133982511,127150581
1,2025-02-09 12:09:15,DuckDuckGo.exe,0.0,3.3387322227092953,201494,69292,133984639,127150917
1,2025-02-09 12:09:25,DuckDuckGo.exe,0.3,3.3387322227092953,201497,69296,133984975,127151365
1,2025-02-09 12:09:35,DuckDuckGo.exe,0.0,3.338756549336102,201527,69299,133988335,127151701
1,2025-02-09 12:09:45,DuckDuckGo.exe,0.9,3.339072795484589,202174,69535,134152603,127172545
1,2025-02-09 12:09:55,DuckDuckGo.exe,0.3,3.3395836546475293,202496,69639,134239797,127182923
1,2025-02-09 12:10:05,DuckDuckGo.exe,0.0,3.339607981274336,202611,69651,134293061,127184267
1,2025-02-09 12:10:15,DuckDuckGo.exe,0.0,3.3098565166897687,202754,69676,134390853,127187067
1,2025-02-09 12:10:25,DuckDuckGo.exe,0.0,3.3102700693454827,202918,69706,134463309,127190427
1,2025-02-09 12:10:35,DuckDuckGo.exe,0.6,3.310537662240356,203070,69728,134541469,127192891
1,2025-02-09 12:10:45,DuckDuckGo.exe,0.3,3.311145827910523,203357,69824,134603509,127202627
1,2025-02-09 12:10:55,DuckDuckGo.exe,0.0,3.311145827910523,203363,69824,134604181,127202627
1,2025-02-09 12:11:05,DuckDuckGo.exe,0.0,3.310367375852709,203377,69830,134629653,127227203
1,2025-02-09 12:11:15,DuckDuckGo.exe,0.0,3.3103187225990953,203385,69830,134630549,127227203
1,2025-02-09 12:11:25,DuckDuckGo.exe,0.0,3.3103187225990953,203387,69830,134630773,127227203
1,2025-02-09 12:11:35,DuckDuckGo.exe,0.0,3.3102943959722886,203395,69830,134631669,127227203
1,2025-02-09 12:11:45,DuckDuckGo.exe,0.0,3.3102943959722886,203403,69830,134632565,127227203
1,2025-02-09 12:11:55,DuckDuckGo.exe,0.6,3.3103187225990953,203407,69830,134633013,127227203
1,2025-02-09 12:12:05,DuckDuckGo.exe,0.0,3.3104646823599357,203569,69878,134684115,127231817
1,2025-02-09 12:12:15,DuckDuckGo.exe,0.0,3.3106349687475825,203611,69887,134698155,127232825
1,2025-02-09 12:12:25,DuckDuckGo.exe,3.4,3.3134325308303505,204056,70096,135033300,127286834
1,2025-02-09 12:12:35,DuckDuckGo.exe,0.9,3.3313369281600655,205348,70418,138300288,127437361
1,2025-02-09 12:12:46,DuckDuckGo.exe,10.3,3.567767414094167,206304,71139,138942982,131567160
1,2025-02-09 12:12:56,DuckDuckGo.exe,8.4,3.4398093570910415,209358,72708,140872706,138246165
1,2025-02-09 12:13:06,DuckDuckGo.exe,7.2,3.5095294695189803,212392,74015,144854294,143641768
1,2025-02-09 12:13:16,DuckDuckGo.exe,2.5,3.4865894604402827,215015,74534,147885918,143722830
1,2025-02-09 12:13:26,DuckDuckGo.exe,19.3,3.5717326542636547,219929,76797,152968142,151381028
1,2025-02-09 12:13:36,DuckDuckGo.exe,2.8,3.5704919962965147,221151,77178,155851750,151438523
1,2025-02-09 12:13:46,DuckDuckGo.exe,2.2,3.5737517642886094,223157,77541,162146446,151488443
1,2025-02-09 12:13:56,DuckDuckGo.exe,5.0,3.571708327636848,225373,77900,168522838,151528651
1,2025-02-09 12:14:06,DuckDuckGo.exe,2.5,3.5759654873280167,227391,78238,175329158,151566507
1,2025-02-09 12:14:16,DuckDuckGo.exe,7.8,3.578544109769525,231069,79031,183659198,151715643
1,2025-02-09 12:14:26,DuckDuckGo.exe,0.3,3.5802469736459925,232562,79280,188344710,151743419
1,2025-02-09 12:14:36,DuckDuckGo.exe,1.6,3.5767196127590237,234325,79574,193980294,151776347
1,2025-02-09 12:14:46,DuckDuckGo.exe,6.6,3.64763172990049,236794,80636,197328388,152364196
1,2025-02-09 12:14:56,DuckDuckGo.exe,0.3,3.6501373724615775,237395,80790,198945828,152416181
1,2025-02-09 12:15:06,DuckDuckGo.exe,0.0,3.6512807239214915,237444,80806,199054764,152434194
1,2025-02-09 12:15:16,DuckDuckGo.exe,0.0,3.4653036619844397,237461,80808,199057116,152434418
1,2025-02-09 12:15:26,DuckDuckGo.exe,2.2,3.464038677390492,238579,81045,201917475,152655381
1,2025-02-09 12:15:36,DuckDuckGo.exe,1.2,3.4658875010278,239319,81290,202836187,152678181
1,2025-02-09 12:15:46,DuckDuckGo.exe,0.0,3.465717214640153,239981,81566,203105731,152702829
1,2025-02-09 12:15:56,DuckDuckGo.exe,0.0,3.4660091341618333,240065,81578,203381107,152704173
1,2025-02-09 12:16:06,DuckDuckGo.exe,0.3,3.463844064376039,240708,81693,205196643,152716589
1,2025-02-09 12:16:16,DuckDuckGo.exe,0.3,3.4639900241368795,241125,81849,205362387,152730581
1,2025-02-09 12:16:26,DuckDuckGo.exe,0.6,3.4644279034193994,241549,81975,205741364,152742422
1,2025-02-09 12:16:36,DuckDuckGo.exe,5.6,3.477710241655845,243476,82793,206459899,156870766
1,2025-02-09 12:16:47,DuckDuckGo.exe,2.2,3.4811159694087803,244709,83483,206918983,156981860
1,2025-02-09 12:16:57,DuckDuckGo.exe,2.5,3.486638113693896,246009,83995,208489709,157121485
2,2025-02-17 10:39:06,DuckDuckGo.exe,0.6,3.631503176327662,213735,79159,323447616,167410500
2,2025-02-17 10:39:16,DuckDuckGo.exe,0.0,3.631503176327662,213739,79159,323448064,167410500
2,2025-02-17 10:39:26,DuckDuckGo.exe,0.0,3.6296056994367416,214289,79361,323815298,167433825
2,2025-02-17 10:39:36,DuckDuckGo.exe,0.3,3.6206778273986906,214520,79462,323915250,167448520
2,2025-02-17 10:39:46,DuckDuckGo.exe,0.0,3.61878035050777,214535,79462,323940738,167448520
2,2025-02-17 10:39:56,DuckDuckGo.exe,1.9,3.850248204573309,215080,79806,324193799,171745125
2,2025-02-17 10:40:07,DuckDuckGo.exe,4.7,3.723968684819844,217993,81142,325827185,174374041
2,2025-02-17 10:40:17,DuckDuckGo.exe,2.2,3.8493237927546544,219883,81808,326809576,175314156
2,2025-02-17 10:40:27,DuckDuckGo.exe,0.0,3.699350138491486,221161,82397,327613096,176131891
2,2025-02-17 10:40:37,DuckDuckGo.exe,0.0,3.6986933195677065,221593,82596,327866896,176231752
2,2025-02-17 10:40:47,DuckDuckGo.exe,6.2,3.7315099391299142,225237,84084,331265015,183033027
2,2025-02-17 10:40:57,DuckDuckGo.exe,0.0,3.7293205427173133,225351,84158,331426303,183041315
2,2025-02-17 10:41:07,DuckDuckGo.exe,0.6,3.728371804271853,225363,84170,331428295,183042659
2,2025-02-17 10:41:17,DuckDuckGo.exe,6.2,3.9574313222835307,226072,84579,331789212,185153746
2,2025-02-17 10:41:27,DuckDuckGo.exe,18.1,3.8990960712011176,232056,87429,339453689,195435193
2,2025-02-17 10:41:37,DuckDuckGo.exe,0.0,3.89746618720507,234738,88252,342863457,197083134
2,2025-02-17 10:41:47,DuckDuckGo.exe,0.0,3.8981716593824633,234903,88337,343259041,197092654
2,2025-02-17 10:41:57,DuckDuckGo.exe,0.0,3.896006589596669,234938,88352,343315329,197094334
2,2025-02-17 10:42:07,DuckDuckGo.exe,0.0,3.896420142252383,235234,88388,343681841,197102998
2,2025-02-17 10:42:17,DuckDuckGo.exe,0.0,3.8972959008174235,235281,88397,344084425,197104006
2,2025-02-17 10:42:27,DuckDuckGo.exe,3.1,3.8975148404586837,237502,89014,347439793,197210378
2,2025-02-17 10:42:37,DuckDuckGo.exe,0.0,3.8981716593824633,237856,89059,348163745,197215194
2,2025-02-17 10:42:47,DuckDuckGo.exe,0.0,3.8967850416544834,238070,89105,348707015,197219864
2,2025-02-17 10:42:57,DuckDuckGo.exe,0.0,3.8975148404586837,238475,89223,349357583,197231152
2,2025-02-17 10:43:07,DuckDuckGo.exe,7.5,4.14598700666209,239755,90025,349875696,201643548
2,2025-02-17 10:43:17,DuckDuckGo.exe,1.6,4.008565891831167,240551,90410,350173796,201950181
2,2025-02-17 10:43:27,DuckDuckGo.exe,0.6,4.0502130769242,242841,91499,352468046,204362104
2,2025-02-17 10:43:37,DuckDuckGo.exe,4.4,4.099815068983015,245431,92877,355650024,205513671
2,2025-02-17 10:43:47,DuckDuckGo.exe,0.9,4.061038425853171,246331,93264,355906856,205633271
2,2025-02-17 10:43:57,DuckDuckGo.exe,0.0,4.070501483680969,247201,93729,356037420,207838519
2,2025-02-17 10:44:07,DuckDuckGo.exe,0.0,4.07290981973483,247971,93970,357571964,207930903
2,2025-02-17 10:44:18,DuckDuckGo.exe,0.0,4.072350307318277,248012,93983,357629100,207940151
2,2025-02-17 10:44:28,DuckDuckGo.exe,0.0,4.071377242246009,248048,93991,357687412,207941047
2,2025-02-17 10:44:38,DuckDuckGo.exe,0.0,4.071279935738783,248097,94003,357693012,207942391
2,2025-02-17 10:44:48,DuckDuckGo.exe,0.0,4.07174214164811,248146,94012,357853556,207948031
2,2025-02-17 10:44:58,DuckDuckGo.exe,0.0,4.071839448155337,248146,94012,357853556,207948031
2,2025-02-17 10:45:08,DuckDuckGo.exe,0.6,4.07218002093063,248438,94138,357974679,207968028
2,2025-02-17 10:45:18,DuckDuckGo.exe,5.0,4.094925416994873,250331,95267,359166542,212751846
2,2025-02-17 10:45:28,DuckDuckGo.exe,0.3,4.0981365317333545,253546,96615,363524854,214901493
2,2025-02-17 10:45:38,DuckDuckGo.exe,0.9,4.098914983791168,255229,96936,368785038,214942077
2,2025-02-17 10:45:48,DuckDuckGo.exe,0.0,4.099425842954109,256856,97218,374062110,214978293
2,2025-02-17 10:45:58,DuckDuckGo.exe,0.0,4.10212609852965,257940,97498,375699646,215005321
2,2025-02-17 10:46:08,DuckDuckGo.exe,0.0,4.098890657164362,258666,97746,376721566,215032941
2,2025-02-17 10:46:18,DuckDuckGo.exe,7.8,4.098428451255035,261225,98667,378393268,215837470
2,2025-02-17 10:46:28,DuckDuckGo.exe,0.6,4.1000340086242755,262972,99480,379746359,216724472
2,2025-02-17 10:46:38,DuckDuckGo.exe,0.9,4.1057264392970385,263561,99760,380022623,216762464
2,2025-02-17 10:46:48,DuckDuckGo.exe,0.6,4.106456238101239,264126,99891,381368898,216972337
2,2025-02-17 10:46:58,DuckDuckGo.exe,0.6,4.106650851115693,265208,100407,382033195,217060288
2,2025-02-17 10:47:08,DuckDuckGo.exe,0.3,4.105702112670231,265667,100550,382627299,217073796
2,2025-02-17 10:47:18,DuckDuckGo.exe,0.0,4.129396247179936,265965,100675,383052064,217089519
2,2025-02-17 10:47:28,DuckDuckGo.exe,0.0,4.107307670039472,266046,100690,383354336,217091199
2,2025-02-17 10:47:38,DuckDuckGo.exe,0.9,4.107210363532246,266164,100755,383448162,217105800
2,2025-02-17 10:47:48,DuckDuckGo.exe,0.3,4.107672569441573,266954,100884,386081178,217120248
2,2025-02-17 10:47:58,DuckDuckGo.exe,8.1,4.346924944085248,268431,101493,388659756,219243267
2,2025-02-17 10:48:09,DuckDuckGo.exe,0.0,4.231422120007142,269710,101721,392643790,219273233
2,2025-02-17 10:48:19,DuckDuckGo.exe,0.0,4.235168420535371,270449,101872,394773308,219293871
2,2025-02-17 10:48:29,DuckDuckGo.exe,0.6,4.230959914097816,271249,102063,396644284,219322785
2,2025-02-17 10:48:39,DuckDuckGo.exe,0.0,4.248985944561564,271989,102234,398599337,219344568
2,2025-02-17 10:48:49,DuckDuckGo.exe,0.6,4.259154474566755,273390,102536,402571162,219384842
2,2025-02-17 10:48:59,DuckDuckGo.exe,0.6,4.255870379947853,274168,102662,405153898,219402938
2,2025-02-17 10:49:09,DuckDuckGo.exe,0.3,4.256648832005667,275696,102916,410156914,219431386
2,2025-02-17 10:49:19,DuckDuckGo.exe,0.6,4.256819118393314,277392,103259,415131506,219472222
2,2025-02-17 10:49:29,DuckDuckGo.exe,0.6,4.256502872244827,278728,103654,417538311,219539214
2,2025-02-17 10:49:39,DuckDuckGo.exe,0.3,4.259081494686335,280019,103986,420418223,219591442
2,2025-02-17 10:49:49,DuckDuckGo.exe,0.6,4.2600545597586015,281605,104275,425335659,219627652
2,2025-02-17 10:49:59,DuckDuckGo.exe,0.0,4.255894706574661,281907,104389,425930671,219799472
2,2025-02-17 10:50:09,DuckDuckGo.exe,0.9,4.256016339708694,283783,104748,431361756,219847388
2,2025-02-17 10:50:19,DuckDuckGo.exe,0.9,4.258157082867681,285079,104956,435738932,219870684
2,2025-02-17 10:50:29,DuckDuckGo.exe,0.9,4.388791068819541,285847,105147,437942552,219895543
2,2025-02-17 10:50:39,DuckDuckGo.exe,10.6,4.258351695882134,288305,106982,439292578,222155147
2,2025-02-17 10:50:49,DuckDuckGo.exe,0.6,4.2605654189215425,291776,108663,441341654,227151913
2,2025-02-17 10:50:59,DuckDuckGo.exe,8.9,4.264676618851871,295643,110553,444246150,229660039
2,2025-02-17 10:51:09,DuckDuckGo.exe,8.4,4.267717447202705,297547,111525,445306966,232400433
2,2025-02-17 10:51:19,DuckDuckGo.exe,0.3,4.26937165782556,297945,111782,445504678,232538345
2,2025-02-17 10:51:29,DuckDuckGo.exe,5.0,4.2857921309200675,300352,112627,446398131,233177891
2,2025-02-17 10:51:39,DuckDuckGo.exe,0.9,4.267960713470773,300846,112985,446667774,233705100
2,2025-02-17 10:51:49,DuckDuckGo.exe,1.2,4.27068529567312,302806,114172,447721202,234618594
2,2025-02-17 10:52:00,DuckDuckGo.exe,0.0,4.266549769115985,303139,114330,447979274,234661415
2,2025-02-17 10:52:10,DuckDuckGo.exe,0.0,4.2666470756232115,303228,114351,448102034,234663767
2,2025-02-17 10:52:20,DuckDuckGo.exe,0.9,4.283773020895113,303869,114639,448493688,235115154
2,2025-02-17 10:52:30,DuckDuckGo.exe,0.3,4.268690512274972,304111,114677,448586736,235138890
2,2025-02-17 10:52:40,DuckDuckGo.exe,0.0,4.258254389374907,304429,114807,448749662,235179858
2,2025-02-17 10:52:50,DuckDuckGo.exe,0.3,4.2629494283485965,305381,114990,451589794,235204319
2,2025-02-17 10:53:00,DuckDuckGo.exe,1.2,4.271804320506227,305800,115232,451908818,235273874
2,2025-02-17 10:53:10,DuckDuckGo.exe,0.3,4.259032841432721,306193,115362,452062778,235310912
2,2025-02-17 10:53:20,DuckDuckGo.exe,0.9,4.26270616208053,307723,115682,456411826,235373858
2,2025-02-17 10:53:30,DuckDuckGo.exe,0.0,4.262292609424816,309317,116034,460556763,235444470
2,2025-02-17 10:53:40,DuckDuckGo.exe,0.9,4.247283080685096,310947,116368,465252099,235508982
2,2025-02-17 10:53:50,DuckDuckGo.exe,1.2,4.241663629892754,312054,116582,468528295,235544468
2,2025-02-17 10:54:00,DuckDuckGo.exe,0.0,4.24103113759578,313123,116818,471275879,235578524
2,2025-02-17 10:54:10,DuckDuckGo.exe,0.0,4.2425637150846,315189,117158,478019679,235616604
2,2025-02-17 10:54:20,DuckDuckGo.exe,0.3,4.243269187261994,316811,117481,482654055,235660406
2,2025-02-17 10:54:30,DuckDuckGo.exe,0.0,4.240787871327713,317182,117541,483914727,235667126
2,2025-02-17 10:54:40,DuckDuckGo.exe,0.3,4.244144945827035,318420,117811,487512487,235716680
2,2025-02-17 10:54:50,DuckDuckGo.exe,0.6,4.243098900874347,319332,117958,490569351,235740936
2,2025-02-17 10:55:00,DuckDuckGo.exe,0.6,4.2441206192002285,321436,118360,497026943,235793586
2,2025-02-17 10:55:10,DuckDuckGo.exe,0.3,4.24205285592166,323148,118637,502910935,235824610
2,2025-02-17 10:55:20,DuckDuckGo.exe,0.3,4.242734001472248,325250,119056,510108687,236254002
2,2025-02-17 10:55:30,DuckDuckGo.exe,0.0,4.242685348218634,326365,119495,511361198,240366270
2,2025-02-17 10:55:40,DuckDuckGo.exe,5.3,4.2423204488165345,328641,120346,512293467,244590540
2,2025-02-17 10:55:50,DuckDuckGo.exe,0.3,4.243147554127961,329382,120646,513264679,244646202
2,2025-02-17 10:56:01,DuckDuckGo.exe,0.0,4.2416149766391404,329998,120848,514017694,244694049
2,2025-02-17 10:56:11,DuckDuckGo.exe,0.0,4.241833916280401,330355,120954,514178562,244729131
2,2025-02-17 10:56:21,DuckDuckGo.exe,0.3,4.243342167142415,331969,121222,519442746,244778627
2,2025-02-17 10:56:31,DuckDuckGo.exe,0.3,4.245190990779722,333921,121545,525969538,244834283
2,2025-02-17 10:56:41,DuckDuckGo.exe,0.9,4.241785263026787,335626,121831,531694218,244885795
2,2025-02-17 10:56:51,DuckDuckGo.exe,0.0,4.2443152322146815,337935,122234,539274952,244937349
2,2025-02-17 10:57:01,DuckDuckGo.exe,4.7,4.2457991564498885,339583,122876,541859234,249074793
2,2025-02-17 10:57:11,DuckDuckGo.exe,0.9,4.244631478363169,342299,124410,543664458,251146687
2,2025-02-17 10:57:21,DuckDuckGo.exe,0.0,4.244850418004428,342693,124581,543917190,251189384
2,2025-02-17 10:57:31,DuckDuckGo.exe,0.3,4.246723568268543,343435,124716,546128286,251223984
2,2025-02-17 10:57:41,DuckDuckGo.exe,0.3,4.246918181282996,345005,124982,551206350,251273256
2,2025-02-17 10:57:51,DuckDuckGo.exe,0.3,4.2437070665445145,345948,125225,553387480,251321235
2,2025-02-17 10:58:01,DuckDuckGo.exe,0.0,4.243634086664095,347271,125450,557706044,251366015
2,2025-02-17 10:58:11,DuckDuckGo.exe,6.9,4.252318692434078,349610,126375,559240415,255721653
2,2025-02-17 10:58:21,DuckDuckGo.exe,4.0,4.27720483165731,354615,127979,563984948,256625910
2,2025-02-17 10:58:31,DuckDuckGo.exe,0.3,4.256454218991214,355741,128270,566503684,256675246
2,2025-02-17 10:58:41,DuckDuckGo.exe,1.2,4.2545810687270995,356383,128501,567298123,256720562
2,2025-02-17 10:58:51,DuckDuckGo.exe,0.0,4.250031989514251,356489,128529,567447475,256731490
2,2025-02-17 10:59:01,DuckDuckGo.exe,0.0,4.250396888916351,356566,128545,567646763,256733282
2,2025-02-17 10:59:11,DuckDuckGo.exe,0.0,4.250445542169964,356617,128557,567697115,256734626
2,2025-02-17 10:59:21,DuckDuckGo.exe,0.0,4.250713135064838,356681,128569,567847763,256735970
2,2025-02-17 10:59:31,DuckDuckGo.exe,0.3,4.251953793031978,357039,128669,568804764,256757360
2,2025-02-17 10:59:41,DuckDuckGo.exe,0.3,4.253024164611472,357259,128741,569155344,256769861
2,2025-02-17 10:59:51,DuckDuckGo.exe,0.9,4.249180557576017,358991,129021,575135184,256801221
2,2025-02-17 11:00:02,DuckDuckGo.exe,0.3,4.253948576430125,360131,129263,578497360,256834065
2,2025-02-17 11:00:12,DuckDuckGo.exe,0.3,4.248377778891397,361007,129583,579172310,256931727
2,2025-02-17 11:00:22,DuckDuckGo.exe,1.2,4.247915572982071,362813,129878,585261854,256976455
2,2025-02-17 11:00:32,DuckDuckGo.exe,0.0,4.247429040445936,364407,130135,590547742,257017663
2,2025-02-17 11:00:42,DuckDuckGo.exe,0.6,4.2475020203263565,365898,130373,595454590,257044319
2,2025-02-17 11:00:52,DuckDuckGo.exe,0.3,4.249569783604923,367573,130649,601220294,257079863
2,2025-02-17 11:01:02,DuckDuckGo.exe,0.3,4.248937291307951,369236,130900,605948470,257107975
2,2025-02-17 11:01:12,DuckDuckGo.exe,0.3,4.248426432145011,370346,131144,608823630,257143665
2,2025-02-17 11:01:22,DuckDuckGo.exe,1.9,4.251126687720552,372481,131495,616158878,257194665
2,2025-02-17 11:01:32,DuckDuckGo.exe,0.0,4.250104969394671,373744,131732,619978452,257233151
2,2025-02-17 11:01:42,DuckDuckGo.exe,0.3,4.248961617934757,374777,131959,622631313,257261628
2,2025-02-17 11:01:52,DuckDuckGo.exe,0.3,4.248985944561564,375829,132157,625798731,257287950
2,2025-02-17 11:02:02,DuckDuckGo.exe,1.2,4.255018948009619,376435,132387,626504608,257402769
2,2025-02-17 11:02:12,DuckDuckGo.exe,0.3,4.2496914167389575,377089,132567,627426864,257428213
2,2025-02-17 11:02:22,DuckDuckGo.exe,1.6,4.2554811539189465,378010,132848,628229571,257472794
2,2025-02-17 11:02:32,DuckDuckGo.exe,2.2,4.399081231958765,379150,133841,629358917,258467342
2,2025-02-17 11:02:42,DuckDuckGo.exe,1.5,4.279686147591591,382344,135271,634441541,259644959
2,2025-02-17 11:02:52,DuckDuckGo.exe,10.3,4.282945915583686,384289,135819,634804493,263040071
2,2025-02-17 11:03:02,DuckDuckGo.exe,0.0,4.285378578264353,385585,136212,638361433,263103423
2,2025-02-17 11:03:12,DuckDuckGo.exe,0.0,4.283262161732172,386616,136506,641321121,263136351
2,2025-02-17 11:03:22,DuckDuckGo.exe,0.0,4.284381186565279,387538,136649,644467241,263152367
2,2025-02-17 11:03:33,DuckDuckGo.exe,0.3,4.280853825678312,389351,136934,650649841,263188919
2,2025-02-17 11:03:43,DuckDuckGo.exe,0.0,4.280342966515372,390758,137156,655476633,263213783
2,2025-02-17 11:03:53,DuckDuckGo.exe,0.6,4.142289359387475,392194,137384,660536449,263243951
2,2025-02-17 11:04:03,DuckDuckGo.exe,0.0,4.141583887210081,393315,137561,664368985,263263775
2,2025-02-17 11:04:13,DuckDuckGo.exe,0.0,4.1414136008224345,394821,137803,669508777,263290879
2,2025-02-17 11:04:23,DuckDuckGo.exe,1.2,4.143043484818483,396581,138085,675620553,263322463
2,2025-02-17 11:04:33,DuckDuckGo.exe,0.6,4.1445030824268825,398536,138397,682358129,263357407
2,2025-02-17 11:04:43,DuckDuckGo.exe,0.3,4.137983546442693,400042,138633,687529561,263383839
2,2025-02-17 11:04:53,DuckDuckGo.exe,0.6,4.13961343043874,402000,138946,694212225,263418895
2,2025-02-17 11:05:03,DuckDuckGo.exe,3.7,4.270660969046314,402502,139211,695431880,263468868
2,2025-02-17 11:05:13,DuckDuckGo.exe,0.0,4.15265250240712,404425,140006,696150124,264046262
2,2025-02-17 11:05:23,DuckDuckGo.exe,2.5,4.149538694175865,407988,142004,698451968,268727286
2,2025-02-17 11:05:33,DuckDuckGo.exe,1.6,4.1490035083861185,410187,142507,705459120,268799310
2,2025-02-17 11:05:43,DuckDuckGo.exe,0.9,4.151922703602919,412295,142882,712555008,269053110
2,2025-02-17 11:05:53,DuckDuckGo.exe,0.0,4.148127749821078,413116,143015,715457824,269068006
2,2025-02-17 11:06:03,DuckDuckGo.exe,0.6,4.1485899557304045,414552,143253,720313792,269094662
2,2025-02-17 11:06:13,DuckDuckGo.exe,0.3,4.148954855132505,416013,143491,725228784,269121318
2,2025-02-17 11:06:23,DuckDuckGo.exe,0.0,4.1462059463033505,417179,143679,729206080,269142374
2,2025-02-17 11:06:33,DuckDuckGo.exe,0.3,4.150730698889392,418196,143840,732635800,269165038
2,2025-02-17 11:06:43,DuckDuckGo.exe,0.0,4.147787177045784,419230,144003,736184648,269183294
2,2025-02-17 11:06:53,DuckDuckGo.exe,0.3,4.147908810179818,420467,144200,740451240,269205358
2,2025-02-17 11:07:03,DuckDuckGo.exe,0.3,4.148322362835531,421791,144413,744998106,269424184
2,2025-02-17 11:07:13,DuckDuckGo.exe,0.3,4.1490035083861185,423226,144643,749956130,269449944
2,2025-02-17 11:07:23,DuckDuckGo.exe,1.2,4.150122533219226,424703,144929,754570546,269480152
2,2025-02-17 11:07:34,DuckDuckGo.exe,2.5,4.152263276378213,425111,145092,755581398,269511250
2,2025-02-17 11:07:44,DuckDuckGo.exe,0.0,4.152822788794767,426468,145307,760285406,269535330
2,2025-02-17 11:07:54,DuckDuckGo.exe,1.2,4.1766142298116975,428029,145663,765273218,269588044
2,2025-02-17 11:08:04,DuckDuckGo.exe,0.3,4.151046945037879,429853,145954,771564802,269620636
2,2025-02-17 11:08:14,DuckDuckGo.exe,0.3,4.151922703602919,431556,146228,777455362,269651324
2,2025-02-17 11:08:24,DuckDuckGo.exe,0.0,4.154087773388714,432216,146380,779043802,269666752
2,2025-02-17 11:08:34,DuckDuckGo.exe,0.0,4.154841898819721,432542,146446,779984626,269673688
2,2025-02-17 11:08:44,DuckDuckGo.exe,0.0,4.152190296497793,433068,146534,781739938,269688176
2,2025-02-17 11:08:54,DuckDuckGo.exe,0.6,4.020242672698373,434676,146789,787288586,269716736
2,2025-02-17 11:09:04,DuckDuckGo.exe,0.0,4.021604963799547,436367,147061,793186274,269747200
2,2025-02-17 11:09:14,DuckDuckGo.exe,0.3,4.023186194541981,438081,147334,799221418,269777776
2,2025-02-17 11:09:24,DuckDuckGo.exe,0.6,4.022553702245006,439357,147541,803683498,269800960
2,2025-02-17 11:09:34,DuckDuckGo.exe,0.0,4.022261782723327,440809,147773,808659634,269831576
2,2025-02-17 11:09:44,DuckDuckGo.exe,0.9,4.018393849061066,442813,148097,815639274,269867864
2,2025-02-17 11:09:54,DuckDuckGo.exe,0.0,4.017250497601151,443879,148269,819440402,269887128
2,2025-02-17 11:10:04,DuckDuckGo.exe,0.3,4.017761356764091,445189,148482,824057474,269910984
2,2025-02-17 11:10:14,DuckDuckGo.exe,0.0,4.0188803815971985,445623,148604,824984818,269927456
2,2025-02-17 11:10:24,DuckDuckGo.exe,0.0,4.019196627745686,445774,148633,825490490,269930704
2,2025-02-17 11:10:34,DuckDuckGo.exe,8.1,4.099401516327302,447056,149391,826062177,274273673
2,2025-02-17 11:10:44,DuckDuckGo.exe,4.4,4.126987911126075,447651,149779,826651068,274339461
2,2025-02-17 11:10:54,DuckDuckGo.exe,3.1,4.1185952248777715,449202,150796,827326456,278770207
2,2025-02-17 11:11:04,DuckDuckGo.exe,2.5,4.278275203236804,450531,151622,827984012,279347286
2,2025-02-17 11:11:15,DuckDuckGo.exe,0.3,4.150219839726452,450621,151723,827995744,279358231
2,2025-02-17 11:11:25,DuckDuckGo.exe,0.3,4.148711588864438,451595,152004,830126673,279395648
2,2025-02-17 11:11:35,DuckDuckGo.exe,0.0,4.147227664629231,452490,152155,833032025,279412560
2,2025-02-17 11:11:45,DuckDuckGo.exe,2.8,4.149271101280991,453028,152478,833759976,279478584
2,2025-02-17 11:11:55,DuckDuckGo.exe,1.2,4.142070419746215,453291,152601,833974983,279499193
2,2025-02-17 11:12:05,DuckDuckGo.exe,0.6,4.1414136008224345,453852,152694,835790287,279509609
2,2025-02-17 11:12:15,DuckDuckGo.exe,1.6,4.142994831564869,454592,152819,838172527,279523609
2,2025-02-17 11:12:25,DuckDuckGo.exe,0.3,4.140148616228488,455347,152945,840703079,279537721
2,2025-02-17 11:12:35,DuckDuckGo.exe,0.9,4.143262424459742,456485,153263,843600551,279592397
2,2025-02-17 11:12:45,DuckDuckGo.exe,0.9,4.159293671525343,457036,153529,844430536,279636385
2,2025-02-17 11:12:55,DuckDuckGo.exe,0.3,4.14511124809705,458620,153784,850028704,279669577
2,2025-02-17 11:13:05,DuckDuckGo.exe,0.0,4.147008724987971,460823,154712,853145831,280228294
2,2025-02-17 11:13:15,DuckDuckGo.exe,0.0,4.150317146233679,461051,154753,853722951,280232886
2,2025-02-17 11:13:25,DuckDuckGo.exe,0.3,4.151338864559559,461237,154773,854095071,280235126
2,2025-02-17 11:13:35,DuckDuckGo.exe,0.3,4.143530017354616,461821,154907,854958271,280294760
2,2025-02-17 11:13:45,DuckDuckGo.exe,0.3,4.144551735680496,461894,154913,855181695,280295432
2,2025-02-17 11:13:55,DuckDuckGo.exe,0.0,4.019074994611652,461938,154913,855186623,280295432
2,2025-02-17 11:14:05,DuckDuckGo.exe,0.0,4.0195858537745925,462027,154924,855263695,280296664
2,2025-02-17 11:14:15,DuckDuckGo.exe,0.0,4.021045451382993,462204,154962,855652935,280317990
2,2025-02-17 11:14:25,DuckDuckGo.exe,0.9,4.017566743749638,462612,155149,856139844,280345256
2,2025-02-17 11:14:35,DuckDuckGo.exe,12.5,4.033670970695659,466573,157423,860155219,286497112
2,2025-02-17 11:14:45,DuckDuckGo.exe,2.5,4.016058492887624,467821,157896,863010956,287147240
2,2025-02-17 11:14:55,DuckDuckGo.exe,0.0,4.013406890565696,468283,158095,863363508,287165528
2,2025-02-17 11:15:05,DuckDuckGo.exe,0.3,4.014720528413257,468630,158154,864502724,287172136
2,2025-02-17 11:15:15,DuckDuckGo.exe,0.0,4.014501588771997,469546,158310,867589852,287189608
2,2025-02-17 11:15:26,DuckDuckGo.exe,1.6,4.017858663271318,469883,158441,868395657,287217622
2,2025-02-17 11:15:36,DuckDuckGo.exe,0.9,4.016982904706278,470666,158629,870665688,287246286
2,2025-02-17 11:15:46,DuckDuckGo.exe,0.3,4.0178829898981245,471902,158847,874922809,287274584
2,2025-02-17 11:15:56,DuckDuckGo.exe,0.3,4.013285257431662,472710,159039,877040529,287294088
2,2025-02-17 11:16:06,DuckDuckGo.exe,0.0,4.0146962017864505,473571,159434,877646711,287354395
2,2025-02-17 11:16:16,DuckDuckGo.exe,0.0,4.013577176953343,473629,159443,877885759,287355403
2,2025-02-17 11:16:26,DuckDuckGo.exe,0.0,4.014428608891577,473818,159478,878479511,287363955
2,2025-02-17 11:16:36,DuckDuckGo.exe,0.0,4.01513408106897,473904,159493,878886175,287365635
2,2025-02-17 11:16:46,DuckDuckGo.exe,8.1,4.158344933079882,474695,160170,879360436,291703363
2,2025-02-17 11:16:56,DuckDuckGo.exe,2.2,4.048680499435378,475939,161388,879840700,292199631
2,2025-02-17 11:17:06,DuckDuckGo.exe,0.9,4.045323424936057,478383,162461,880511867,292311601
2,2025-02-17 11:17:16,DuckDuckGo.exe,0.0,4.046661389410425,479356,162826,881445278,292344231
2,2025-02-17 11:17:26,DuckDuckGo.exe,0.0,4.047074942066138,480175,163098,882462499,292368945
2,2025-02-17 11:17:36,DuckDuckGo.exe,0.0,4.047634454482692,480345,163125,883115843,292371969
2,2025-02-17 11:17:46,DuckDuckGo.exe,0.0,4.047926374004372,480368,163128,883187787,292376937
2,2025-02-17 11:17:56,DuckDuckGo.exe,0.0,4.048437233167313,480508,163185,883298901,292387761
2,2025-02-17 11:18:06,DuckDuckGo.exe,0.0,4.048048007138405,480552,163193,883451901,292388657
2,2025-02-17 11:18:16,DuckDuckGo.exe,0.0,4.047026288812525,480612,163204,883641133,292394521
2,2025-02-17 11:18:26,DuckDuckGo.exe,0.0,4.045323424936057,481200,163303,885661701,292405609
2,2025-02-17 11:18:36,DuckDuckGo.exe,0.9,4.043961133834884,482124,163458,888979469,292422969
2,2025-02-17 11:18:46,DuckDuckGo.exe,0.0,4.045955917233031,483919,163745,895322653,292455113
2,2025-02-17 11:18:56,DuckDuckGo.exe,0.3,3.840614860357864,485067,163929,899377437,292475721
2,2025-02-17 11:19:06,DuckDuckGo.exe,0.3,3.8436070354550855,487158,164275,906631565,292514473
2,2025-02-17 11:19:17,DuckDuckGo.exe,0.0,3.8443125076324787,487295,164297,907154085,292516937
2,2025-02-17 11:19:27,DuckDuckGo.exe,1.6,3.8402986142093773,488837,164564,912207621,292546841
2,2025-02-17 11:19:37,DuckDuckGo.exe,0.3,3.8436070354550855,489801,164731,915470085,292565545
2,2025-02-17 11:19:47,DuckDuckGo.exe,0.0,3.8417095585641645,490713,164885,918481253,292582793
2,2025-02-17 11:19:57,DuckDuckGo.exe,0.3,3.8406635136114775,491858,165078,922239381,292604409
2,2025-02-17 11:20:07,DuckDuckGo.exe,0.3,3.8428285833972717,492834,165332,924523908,292634239
2,2025-02-17 11:20:17,DuckDuckGo.exe,0.0,3.8405905337310573,493476,165438,926570612,292646111
2,2025-02-17 11:20:27,DuckDuckGo.exe,0.6,3.8411013928939974,494293,165644,928861793,292677099
2,2025-02-17 11:20:37,DuckDuckGo.exe,0.0,3.839301222510304,495169,166156,929519941,296786741
2,2025-02-17 11:20:47,DuckDuckGo.exe,0.0,3.8396661219124035,495232,166171,929715789,296788421
2,2025-02-17 11:20:57,DuckDuckGo.exe,0.0,3.8389849763618167,495279,166180,929880413,296789429
2,2025-02-17 11:21:07,DuckDuckGo.exe,3.7,3.8413446591620644,496002,166423,930313521,296832679
2,2025-02-17 11:21:17,DuckDuckGo.exe,0.0,3.8383038308112303,496468,166514,931808308,296847253
2,2025-02-17 11:21:27,DuckDuckGo.exe,0.3,3.837695665141063,498084,166791,937136868,296882909
2,2025-02-17 11:21:37,DuckDuckGo.exe,1.2,3.842366377487945,498840,167104,938483299,296933771
2,2025-02-17 11:21:47,DuckDuckGo.exe,0.0,3.8440935679912194,499360,167390,939066131,296971033
2,2025-02-17 11:21:57,DuckDuckGo.exe,0.3,3.8378416249019027,500667,167882,940063427,297231955
2,2025-02-17 11:22:07,DuckDuckGo.exe,1.2,3.8775913331040144,501256,168098,940320068,297252850
2,2025-02-17 11:22:17,DuckDuckGo.exe,0.3,3.8821647389436698,501718,168302,940681720,297279141
2,2025-02-17 11:22:27,DuckDuckGo.exe,5.6,3.9212819548488076,501899,168579,940767220,297314661
2,2025-02-17 11:22:37,DuckDuckGo.exe,3.7,3.9760168651638326,502786,169306,941340285,297435712
2,2025-02-17 11:22:47,DuckDuckGo.exe,2.5,3.8841595223418173,504898,170983,942049290,302278026
2,2025-02-17 11:22:57,DuckDuckGo.exe,0.0,3.881897146048796,504913,171289,942050970,302312298
2,2025-02-17 11:23:07,DuckDuckGo.exe,1.6,3.8844514418634977,505433,171651,942422622,302605450
2,2025-02-17 11:23:18,DuckDuckGo.exe,0.6,3.886908431170972,505814,172265,942554697,302690820
2,2025-02-17 11:23:28,DuckDuckGo.exe,0.3,3.884183848968624,506942,172645,943397226,302918710
2,2025-02-17 11:23:38,DuckDuckGo.exe,0.0,3.884621728251144,507388,172824,943688961,302940140
2,2025-02-17 11:23:48,DuckDuckGo.exe,0.3,3.8840378892077836,507693,172929,943993020,302949650
2,2025-02-17 11:23:58,DuckDuckGo.exe,0.0,3.7951240682293768,508058,173034,944803537,302964292
2,2025-02-17 11:24:08,DuckDuckGo.exe,0.3,3.795732233899544,508167,173052,945219601,302970940
2,2025-02-17 11:24:18,DuckDuckGo.exe,1.2,3.7991866149060924,508386,173143,945535025,302989004
2,2025-02-17 11:24:28,DuckDuckGo.exe,0.0,3.7965593392109707,508412,173149,945537937,302989676
2,2025-02-17 11:24:38,DuckDuckGo.exe,2.8,3.796680972345004,508939,173397,946049574,303032244
2,2025-02-17 11:24:48,DuckDuckGo.exe,2.2,3.8157773743882464,509108,173549,946181510,303057228
2,2025-02-17 11:24:58,DuckDuckGo.exe,0.0,3.794564555812823,509511,173760,946358355,303096124
2,2025-02-17 11:25:08,DuckDuckGo.exe,0.3,3.7947834954540833,509607,173779,946657947,303098252
2,2025-02-17 11:25:18,DuckDuckGo.exe,0.0,3.7947834954540833,509624,173782,946713739,303098588
2,2025-02-17 11:25:28,DuckDuckGo.exe,1.6,3.797289138015171,510131,174030,947133415,303141388
2,2025-02-17 11:25:38,DuckDuckGo.exe,0.9,3.797070198373911,511361,174230,951542127,303163788
2,2025-02-17 11:25:48,DuckDuckGo.exe,0.3,3.798335182967858,513217,174532,958158559,303197612
2,2025-02-17 11:25:58,DuckDuckGo.exe,10.3,4.044471992997824,514732,175283,959895575,305354710
2,2025-02-17 11:26:08,DuckDuckGo.exe,0.0,3.936680709617434,514817,175300,960072663,305356614
2,2025-02-17 11:26:18,DuckDuckGo.exe,0.3,3.933153348730466,515695,175600,961345616,305429246
2,2025-02-17 11:26:28,DuckDuckGo.exe,0.3,3.934685926219287,516048,175660,962573904,305435966
2,2025-02-17 11:26:38,DuckDuckGo.exe,0.0,3.935440051650294,516292,175699,963512160,305440334
2,2025-02-17 11:26:48,DuckDuckGo.exe,0.3,3.934831885980127,516316,175702,963584336,305445302
2,2025-02-17 11:26:58,DuckDuckGo.exe,0.0,3.934831885980127,516316,175702,963584336,305445302
2,2025-02-17 11:27:09,DuckDuckGo.exe,0.0,3.934831885980127,516350,175709,963648400,305446086
2,2025-02-17 11:27:19,DuckDuckGo.exe,0.0,3.934783232726514,516355,175709,963648960,305446086
2,2025-02-17 11:27:29,DuckDuckGo.exe,0.0,3.934783232726514,516356,175709,963649072,305446086
2,2025-02-17 11:27:39,DuckDuckGo.exe,0.0,3.9347345794729005,516395,175715,963842008,305446758
2,2025-02-17 11:27:49,DuckDuckGo.exe,0.0,3.9346372729656736,516480,175770,964173488,305652766
2,2025-02-17 11:27:59,DuckDuckGo.exe,0.0,3.9345642930852534,516512,175776,964280888,305653438
2,2025-02-17 11:28:09,DuckDuckGo.exe,0.0,3.9347102528460938,516693,175832,964558196,305658710
2,2025-02-17 11:28:19,DuckDuckGo.exe,0.6,3.9311342387055124,517380,175993,966377860,305674742
2,2025-02-17 11:28:29,DuckDuckGo.exe,0.0,3.935294091889454,518334,176146,969718332,305691878
2,2025-02-17 11:28:39,DuckDuckGo.exe,0.0,3.930647706169379,518640,176197,970772676,305697590
2,2025-02-17 11:28:49,DuckDuckGo.exe,0.3,3.9351481321286137,519708,176413,973980598,305727125
2,2025-02-17 11:28:59,DuckDuckGo.exe,0.0,3.9207710956858675,520021,176576,974237388,305967103
2,2025-02-17 11:29:09,DuckDuckGo.exe,0.3,3.9172923880525126,520329,176662,974802102,305982078
2,2025-02-17 11:29:19,DuckDuckGo.exe,0.6,3.9191898649434336,522085,176943,981002646,306013550
2,2025-02-17 11:29:29,DuckDuckGo.exe,0.0,3.919968317001247,522370,177022,981597424,306027741
2,2025-02-17 11:29:39,DuckDuckGo.exe,0.0,3.9182411264979726,523155,177189,983857658,306051788
2,2025-02-17 11:29:49,DuckDuckGo.exe,0.3,3.920187256642507,524896,177466,989956802,306087444
2,2025-02-17 11:29:59,DuckDuckGo.exe,0.3,3.9208440755662877,526693,177756,996304306,306119924
2,2025-02-17 11:30:09,DuckDuckGo.exe,0.0,3.919773703986794,527607,177954,998860135,306144982
2,2025-02-17 11:30:19,DuckDuckGo.exe,0.0,3.9193844779578866,528718,178141,1002526127,306165926
2,2025-02-17 11:30:29,DuckDuckGo.exe,0.3,3.921427914609648,529780,178323,1005986551,306186310
2,2025-02-17 11:30:39,DuckDuckGo.exe,0.0,3.9204548495373803,530671,178474,1008904463,306203222
2,2025-02-17 11:30:50,DuckDuckGo.exe,0.0,3.920819748939481,531992,178702,1013358135,306228758
2,2025-02-17 11:31:00,DuckDuckGo.exe,2.5,3.9488683496475803,532951,179011,1014165704,306269648
2,2025-02-17 11:31:10,DuckDuckGo.exe,0.0,3.923641637649055,534186,179819,1014931980,310804773
2,2025-02-17 11:31:20,DuckDuckGo.exe,0.0,3.9262932399709833,534891,180130,1015184820,310844689
2,2025-02-17 11:31:30,DuckDuckGo.exe,0.6,3.939502598327009,535984,180553,1015961392,310883065
2,2025-02-17 11:31:40,DuckDuckGo.exe,0.9,3.9515442785963146,536661,180837,1016545686,311110740
2,2025-02-17 11:31:50,DuckDuckGo.exe,6.2,3.996718824576315,537845,181777,1017075020,315538768
2,2025-02-17 11:32:00,DuckDuckGo.exe,4.7,3.9822444816263425,540645,184076,1018206540,317605994
2,2025-02-17 11:32:10,DuckDuckGo.exe,0.6,4.02048593896644,541219,184385,1018465414,317648545
2,2025-02-17 11:32:20,DuckDuckGo.exe,0.3,3.9881071986867513,541390,184544,1018659737,317679741
2,2025-02-17 11:32:30,DuckDuckGo.exe,0.0,3.9830959135645756,541432,184550,1018716617,317680413
2,2025-02-17 11:32:40,DuckDuckGo.exe,0.0,3.983022933684156,541810,184702,1018918096,317708098
2,2025-02-17 11:32:50,DuckDuckGo.exe,0.3,3.9795685526776072,542228,184908,1019151719,317743140
2,2025-02-17 11:33:00,DuckDuckGo.exe,0.6,3.974119388272912,542651,185139,1019225182,317777886
2,2025-02-17 11:33:10,DuckDuckGo.exe,5.9,4.074661336864911,543809,185819,1019606278,319928156
2,2025-02-17 11:33:20,DuckDuckGo.exe,0.0,4.026640575548529,544540,186155,1019887708,319996462
2,2025-02-17 11:33:30,DuckDuckGo.exe,0.0,4.02678653530937,545067,186360,1020024152,320034786
2,2025-02-17 11:33:40,DuckDuckGo.exe,0.0,4.026883841816596,545352,186478,1020166748,320051936
2,2025-02-17 11:33:50,DuckDuckGo.exe,0.0,4.02678653530937,545466,186501,1020234746,320054012
2,2025-02-17 11:34:00,DuckDuckGo.exe,0.3,3.993094157182121,545845,186654,1020431061,320086333
2,2025-02-17 11:34:10,DuckDuckGo.exe,0.0,3.9638535517604936,546397,186881,1020532927,320126625
2,2025-02-17 11:34:20,DuckDuckGo.exe,0.0,3.964267104416207,546891,187066,1020965458,320150031
2,2025-02-17 11:34:30,DuckDuckGo.exe,0.3,3.965629395517381,547294,187133,1022255906,320157535
2,2025-02-17 11:34:40,DuckDuckGo.exe,0.3,3.965021229847214,548539,187345,1026390626,320181279
2,2025-02-17 11:34:50,DuckDuckGo.exe,0.3,3.9641941245357875,549917,187579,1030942346,320207487
2,2025-02-17 11:35:00,DuckDuckGo.exe,0.3,3.9651671896080543,551342,187820,1035661874,320234479
2,2025-02-17 11:35:11,DuckDuckGo.exe,0.3,3.9631724062099067,552404,188005,1039145186,320255199
2,2025-02-17 11:35:21,DuckDuckGo.exe,0.3,3.964291431043014,553791,188244,1043791642,320281967
2,2025-02-17 11:35:31,DuckDuckGo.exe,0.0,3.967478219154689,554769,188409,1047067186,320300447
2,2025-02-17 11:35:41,DuckDuckGo.exe,0.3,3.9653131493688947,555578,188544,1049759546,320315567
2,2025-02-17 11:35:51,DuckDuckGo.exe,0.0,3.966602460589648,556062,188672,1050850986,320332535
2,2025-02-17 11:36:01,DuckDuckGo.exe,0.0,3.966845726857715,556187,188718,1051029678,320336687
2,2025-02-17 11:36:11,DuckDuckGo.exe,0.0,3.9670403398721685,556273,188734,1051231662,320343111
2,2025-02-17 11:36:21,DuckDuckGo.exe,0.0,3.9670403398721685,556291,188737,1051287358,320343447
2,2025-02-17 11:36:31,DuckDuckGo.exe,0.0,3.966845726857715,556304,188740,1051288814,320343783
2,2025-02-17 11:36:41,DuckDuckGo.exe,0.0,3.967770138676369,556352,188749,1051487390,320344791
2,2025-02-17 11:36:51,DuckDuckGo.exe,0.0,3.967818791929982,556384,188755,1051550734,320345463
2,2025-02-17 11:37:01,DuckDuckGo.exe,0.3,3.966018621546288,556461,188787,1051800430,320623697
2,2025-02-17 11:37:11,DuckDuckGo.exe,0.0,3.966845726857715,556519,188798,1052000790,320624929
2,2025-02-17 11:37:21,DuckDuckGo.exe,0.0,3.966091601426708,556540,188815,1052070870,320694561
2,2025-02-17 11:37:31,DuckDuckGo.exe,0.0,3.9660672747999013,556554,188818,1052124182,320694897
2,2025-02-17 11:37:41,DuckDuckGo.exe,0.0,3.965824008531835,556592,188824,1052266358,320695569
2,2025-02-17 11:37:51,DuckDuckGo.exe,0.0,3.9656780487709944,556593,188824,1052266470,320695569
2,2025-02-17 11:38:01,DuckDuckGo.exe,0.0,3.9657753552782213,556633,188832,1052367214,320696465
2,2025-02-17 11:38:11,DuckDuckGo.exe,0.3,3.965824008531835,556694,188844,1052481014,320697809
2,2025-02-17 11:38:21,DuckDuckGo.exe,0.3,3.9909047607695194,556773,188873,1052696166,320701057
2,2025-02-17 11:38:31,DuckDuckGo.exe,0.0,3.9806875775107144,556937,189085,1052797680,320733823
2,2025-02-17 11:38:41,DuckDuckGo.exe,0.3,3.9810281502860083,557213,189225,1053020910,320757791
2,2025-02-17 11:38:51,DuckDuckGo.exe,0.0,3.9811741100468487,557780,189318,1055144750,320772839
2,2025-02-17 11:39:02,DuckDuckGo.exe,0.6,3.974557267555432,558831,189487,1058910790,320791767
2,2025-02-17 11:39:12,DuckDuckGo.exe,0.0,3.9746059208090454,560024,189680,1063169150,320813383
2,2025-02-17 11:39:22,DuckDuckGo.exe,0.9,3.973681508990391,561374,189975,1067112912,320856668
2,2025-02-17 11:39:32,DuckDuckGo.exe,0.0,3.972903056932578,562571,190173,1071414120,320878844
2,2025-02-17 11:39:42,DuckDuckGo.exe,0.9,3.9760411917906393,563188,190400,1072508489,320924212
2,2025-02-17 11:39:52,DuckDuckGo.exe,0.0,3.9747762071966917,563195,190400,1072508905,320924212
2,2025-02-17 11:40:02,DuckDuckGo.exe,1.2,3.9739734285120716,564624,190718,1076826551,320968114
2,2025-02-17 11:40:12,DuckDuckGo.exe,0.9,3.974849187077112,566322,190997,1082880007,320999362
2,2025-02-17 11:40:22,DuckDuckGo.exe,1.2,3.9764790710731592,567920,191258,1088562343,321028594
2,2025-02-17 11:40:32,DuckDuckGo.exe,0.6,3.97764674915988,569647,191539,1094698887,321060066
2,2025-02-17 11:40:42,DuckDuckGo.exe,0.3,3.9743383279141717,571622,191859,1101663159,321095906
2,2025-02-17 11:40:52,DuckDuckGo.exe,1.2,3.974241021406945,572742,192050,1105531119,321117298
2,2025-02-17 11:41:02,DuckDuckGo.exe,0.0,3.9767709905948396,573866,192210,1108453175,321135218
2,2025-02-17 11:41:12,DuckDuckGo.exe,0.0,3.97720886987736,573963,192227,1108804911,321137122
2,2025-02-17 11:41:22,DuckDuckGo.exe,0.0,3.976819643848453,575415,192465,1113237903,321163778
2,2025-02-17 11:41:32,DuckDuckGo.exe,0.0,3.9768926237288724,576671,192682,1117423391,321188082
2,2025-02-17 11:41:42,DuckDuckGo.exe,0.0,3.973000363439805,578368,192974,1123021015,321220786
2,2025-02-17 11:41:52,DuckDuckGo.exe,0.0,3.9386511663887758,579631,193190,1127116543,321249610
2,2025-02-17 11:42:02,DuckDuckGo.exe,0.0,3.9393323119393626,579744,193208,1127577935,321251626
2,2025-02-17 11:42:12,DuckDuckGo.exe,0.0,3.940621623160116,579927,193238,1128293583,321259618
2,2025-02-17 11:42:22,DuckDuckGo.exe,0.0,3.9416919947396103,580366,193313,1129740383,321268018
2,2025-02-17 11:42:32,DuckDuckGo.exe,0.0,3.9401350906239827,581343,193483,1132963439,321287058
2,2025-02-17 11:42:42,DuckDuckGo.exe,0.0,3.9412784420838967,581802,193643,1133505126,321308442
2,2025-02-17 11:42:52,DuckDuckGo.exe,0.0,3.9414000752179303,581834,193649,1133608662,321309114
2,2025-02-17 11:43:03,DuckDuckGo.exe,0.0,3.9425920799314578,582372,193906,1133988527,321354027
2,2025-02-17 11:43:13,DuckDuckGo.exe,0.9,3.927825817459804,583302,194065,1136995647,321371835
2,2025-02-17 11:43:23,DuckDuckGo.exe,0.6,3.9287502292784575,583734,194159,1138149960,321388265
2,2025-02-17 11:43:33,DuckDuckGo.exe,0.3,3.93283710258198,584223,194474,1138383894,321450089
2,2025-02-17 11:43:43,DuckDuckGo.exe,0.6,3.9302584801404716,584847,194809,1138473177,321513156
2,2025-02-17 11:43:53,DuckDuckGo.exe,1.6,3.9448301295976713,586081,195433,1138896284,321631795
2,2025-02-17 11:44:03,DuckDuckGo.exe,1.9,3.813952877377745,587204,196115,1139237658,321735462
2,2025-02-17 11:44:13,DuckDuckGo.exe,15.9,3.867252516711176,590916,197991,1144051810,331031109
2,2025-02-17 11:44:23,DuckDuckGo.exe,3.1,3.834971082938715,597407,199915,1154130702,333652365
2,2025-02-17 11:44:33,DuckDuckGo.exe,0.0,3.835773861623335,598868,200245,1158899158,333693957
2,2025-02-17 11:44:43,DuckDuckGo.exe,0.9,3.834800796551068,600707,200578,1165259734,333731757
2,2025-02-17 11:44:53,DuckDuckGo.exe,0.6,3.837111826097703,602757,200918,1172603854,333779101
2,2025-02-17 11:45:03,DuckDuckGo.exe,0.6,3.8350197361923284,605117,201276,1180153694,333828461
2,2025-02-17 11:45:13,DuckDuckGo.exe,0.3,3.843728668589119,605428,201335,1181617774,333835069
2,2025-02-17 11:45:23,DuckDuckGo.exe,0.0,3.8448233667954197,608665,202091,1189401726,333984917
2,2025-02-17 11:45:33,DuckDuckGo.exe,1.2,3.848715627084488,609694,202323,1192176723,334008669
2,2025-02-17 11:45:43,DuckDuckGo.exe,0.0,3.8436800153355057,610048,202386,1193354915,334015885
2,2025-02-17 11:45:53,DuckDuckGo.exe,0.0,3.8438259750963453,610126,202401,1193592427,334017565
2,2025-02-17 11:46:03,DuckDuckGo.exe,0.3,3.843436749067439,610225,202416,1193920891,334019245
2,2025-02-17 11:46:13,DuckDuckGo.exe,0.3,3.8437043419623125,611408,202619,1197874307,334041981
2,2025-02-17 11:46:23,DuckDuckGo.exe,0.3,3.8469154567007937,612643,202791,1201424155,334061245
2,2025-02-17 11:46:33,DuckDuckGo.exe,0.6,3.843850301723152,613291,202905,1203568451,334083277
2,2025-02-17 11:46:43,DuckDuckGo.exe,1.9,3.8831621306427437,615249,203856,1205778100,338516962
2,2025-02-17 11:46:53,DuckDuckGo.exe,0.9,3.8808267744693024,616853,204134,1211089444,338548098
2,2025-02-17 11:47:03,DuckDuckGo.exe,0.0,3.8837702963129104,617802,204287,1214162396,338565234
2,2025-02-17 11:47:14,DuckDuckGo.exe,0.6,3.8933549872747415,619695,204595,1220820836,338599730
2,2025-02-17 11:47:24,DuckDuckGo.exe,0.6,3.894887564763562,621477,204889,1226983860,338632658
2,2025-02-17 11:47:34,DuckDuckGo.exe,0.0,3.8943280523470083,622314,205028,1229901044,338648226
2,2025-02-17 11:47:44,DuckDuckGo.exe,0.6,3.8925278819633147,623662,205246,1234728268,338672642
2,2025-02-17 11:47:54,DuckDuckGo.exe,0.3,3.893549600289195,625311,205516,1240534164,338712146
2,2025-02-17 11:48:04,DuckDuckGo.exe,0.3,3.895738996701796,627117,205811,1246948956,338745186
2,2025-02-17 11:48:14,DuckDuckGo.exe,9.7,4.011777006569648,628874,206753,1248375993,343173690
2,2025-02-17 11:48:24,DuckDuckGo.exe,0.9,3.9447814763440587,630649,207214,1253278192,343243931
2,2025-02-17 11:48:34,DuckDuckGo.exe,0.0,3.9450733958657382,632142,207469,1258366592,343272491
2,2025-02-17 11:48:44,DuckDuckGo.exe,0.6,3.9534174288604294,632929,207835,1259102505,343338210
2,2025-02-17 11:48:54,DuckDuckGo.exe,1.2,3.981076803539622,634843,208588,1260609279,344044304
2,2025-02-17 11:49:04,DuckDuckGo.exe,5.0,4.008200992429067,639605,210934,1265757283,354996438
2,2025-02-17 11:49:14,DuckDuckGo.exe,0.0,3.9781089550692066,643274,212710,1269161682,356222129
2,2025-02-17 11:49:24,DuckDuckGo.exe,0.0,3.9789360603806343,643462,212793,1269588906,356231593
2,2025-02-17 11:49:34,DuckDuckGo.exe,0.3,3.9755060060008924,643579,212816,1269823290,356234169
2,2025-02-17 11:49:44,DuckDuckGo.exe,0.0,3.9756033125081194,643608,212822,1269851578,356234841
2,2025-02-17 11:49:54,DuckDuckGo.exe,0.0,3.9745815941822387,643672,212836,1269929354,356236409
2,2025-02-17 11:50:04,DuckDuckGo.exe,0.0,3.9755789858813126,643773,212854,1270295378,356238425
2,2025-02-17 11:50:14,DuckDuckGo.exe,1.6,3.9792766331559273,644472,213170,1270864113,356481469
2,2025-02-17 11:50:24,DuckDuckGo.exe,0.0,3.975092453345179,644744,213217,1271843985,356495997
2,2025-02-17 11:50:34,DuckDuckGo.exe,0.3,3.9755060060008924,646444,213954,1272313809,356560685
2,2025-02-17 11:50:45,DuckDuckGo.exe,0.0,3.974143714899718,647389,214321,1273037723,356593357
2,2025-02-17 11:50:55,DuckDuckGo.exe,0.0,3.972148931501571,647505,214340,1273437707,356604749
2,2025-02-17 11:51:05,DuckDuckGo.exe,0.6,3.973194976454258,648061,214403,1274612587,356621069
2,2025-02-17 11:51:15,DuckDuckGo.exe,0.0,3.9733166095882915,648159,214423,1274884323,356623309
2,2025-02-17 11:51:25,DuckDuckGo.exe,0.0,3.9749708202111456,648364,214460,1275675515,356627453
2,2025-02-17 11:51:35,DuckDuckGo.exe,2.8,3.979203653275507,649713,215152,1276376156,356739647
2,2025-02-17 11:51:45,DuckDuckGo.exe,0.0,3.9711028865488838,650169,215340,1276780086,356770379
2,2025-02-17 11:51:55,DuckDuckGo.exe,0.3,3.9959403725185014,650440,215450,1277185763,356793692
2,2025-02-17 11:52:05,DuckDuckGo.exe,0.3,3.9772331965041667,652705,216081,1278733235,357326729
2,2025-02-17 11:52:15,DuckDuckGo.exe,1.2,3.976406091192739,653287,216200,1280714315,357340057
2,2025-02-17 11:52:25,DuckDuckGo.exe,0.0,3.9773791562650067,653725,216289,1282163107,357350025
2,2025-02-17 11:52:35,DuckDuckGo.exe,0.6,3.9773548296382,655282,216556,1287347315,357379929
2,2025-02-17 11:52:45,DuckDuckGo.exe,0.3,3.9788144272466006,656721,216789,1292449875,357406025
2,2025-02-17 11:52:55,DuckDuckGo.exe,0.3,3.97786568880114,657712,216953,1295958579,357433657
2,2025-02-17 11:53:05,DuckDuckGo.exe,1.6,3.9762844580587062,658808,217133,1299880531,357453817
2,2025-02-17 11:53:15,DuckDuckGo.exe,0.6,3.9767953172216464,660063,217345,1304433571,357521385
2,2025-02-17 11:53:25,DuckDuckGo.exe,0.0,3.980736230764328,661022,217498,1307842987,357538521
2,2025-02-17 11:53:35,DuckDuckGo.exe,1.2,3.978765773992987,662317,217708,1312474507,357562041
2,2025-02-17 11:53:45,DuckDuckGo.exe,2.8,3.9718813386066976,664075,218562,1314889997,361999817
2,2025-02-17 11:53:55,DuckDuckGo.exe,0.9,3.978887407127021,665889,219033,1318702767,362295769
2,2025-02-17 11:54:05,DuckDuckGo.exe,0.0,3.9515686052231214,668289,219427,1327359015,362349161
2,2025-02-17 11:54:15,DuckDuckGo.exe,0.0,3.9534174288604294,668894,219525,1329537551,362360137
2,2025-02-17 11:54:25,DuckDuckGo.exe,0.0,3.953709348382109,668964,219537,1329832279,362361481
2,2025-02-17 11:54:36,DuckDuckGo.exe,2.5,3.9535147353676554,669051,219584,1329940585,362375666
2,2025-02-17 11:54:46,DuckDuckGo.exe,0.3,3.9670889931257816,671207,220518,1332783841,366749840
2,2025-02-17 11:54:56,DuckDuckGo.exe,0.0,3.9713704794437574,671448,220557,1333371009,366754208
2,2025-02-17 11:55:06,DuckDuckGo.exe,0.0,3.9634643257315867,671984,220670,1334468417,366802084
2,2025-02-17 11:55:16,DuckDuckGo.exe,0.0,3.9697162688209033,672123,220706,1334771777,366822825
2,2025-02-17 11:55:26,DuckDuckGo.exe,0.0,3.9709569267880434,672226,220741,1335015953,366826257
2,2025-02-17 11:55:36,DuckDuckGo.exe,0.9,3.998591974840429,672659,220975,1335214029,366865446
2,2025-02-17 11:55:46,DuckDuckGo.exe,0.0,3.9732193030810645,672904,221011,1336589661,366869478
2,2025-02-17 11:55:56,DuckDuckGo.exe,0.0,3.969764922074517,673229,221064,1337745469,366875414
2,2025-02-17 11:56:06,DuckDuckGo.exe,1.2,3.972221911381991,675396,221423,1345276101,366915622
2,2025-02-17 11:56:16,DuckDuckGo.exe,0.9,3.974386981167785,677050,221693,1351208845,366945862
2,2025-02-17 11:56:26,DuckDuckGo.exe,0.3,3.971394806070564,677806,221816,1353890989,366959638
2,2025-02-17 11:56:36,DuckDuckGo.exe,1.2,3.971929991860311,679351,222066,1359440149,366987638
2,2025-02-17 11:56:46,DuckDuckGo.exe,0.6,3.9706406806395567,680325,222225,1362860133,367005446
2,2025-02-17 11:56:56,DuckDuckGo.exe,0.0,3.973413916095518,680909,222317,1364887069,367015750
2,2025-02-17 11:57:06,DuckDuckGo.exe,0.3,3.9735355492295517,682246,222547,1369184093,367050774
2,2025-02-17 11:57:16,DuckDuckGo.exe,0.0,3.9709326001612366,682885,222652,1371319765,367071798
2,2025-02-17 11:57:26,DuckDuckGo.exe,0.0,3.9728300770521576,683438,222745,1373242021,367082214
2,2025-02-17 11:57:36,DuckDuckGo.exe,0.6,3.973170649827451,683763,222874,1373541417,367093686
2,2025-02-17 12:08:54,DuckDuckGo.exe,0.0,3.9675268724083024,683781,222874,1373542697,367093686
2,2025-02-17 12:09:04,DuckDuckGo.exe,4.4,3.9678674451835954,685325,223099,1376619841,367128310
2,2025-02-17 12:09:14,DuckDuckGo.exe,0.0,3.9684026309733422,685515,223133,1377092193,367141382
2,2025-02-17 12:09:24,DuckDuckGo.exe,0.0,3.969254062911576,685800,223185,1378059553,367147206
2,2025-02-17 12:09:34,DuckDuckGo.exe,0.0,3.965094209727634,685813,223188,1378061009,367147542
2,2025-02-17 12:09:44,DuckDuckGo.exe,0.3,3.965094209727634,685835,223194,1378063585,367148214
2,2025-02-17 12:09:54,DuckDuckGo.exe,0.0,3.9648752700863743,685849,223201,1378093041,367176886
2,2025-02-17 12:10:04,DuckDuckGo.exe,0.3,3.965118536354441,685886,223213,1378168209,367178230
2,2025-02-17 12:10:14,DuckDuckGo.exe,1.6,3.965288822742088,685975,223247,1378204281,367182038
2,2025-02-17 12:10:24,DuckDuckGo.exe,1.2,3.9658483351586415,686209,223302,1378334193,367188198
2,2025-02-17 12:10:34,DuckDuckGo.exe,0.0,3.9661889079339345,686297,223316,1378463761,367189766
2,2025-02-17 12:10:44,DuckDuckGo.exe,0.6,3.9661889079339345,686361,223339,1378490057,367192342
2,2025-02-17 12:10:55,DuckDuckGo.exe,0.3,3.964996903220407,686415,223384,1378663449,367360726
2,2025-02-17 12:11:05,DuckDuckGo.exe,0.9,3.964948249966794,686506,223415,1378709769,367366334
2,2025-02-17 12:11:15,DuckDuckGo.exe,7.1,3.967356586020655,688318,223569,1380064021,367392502
2,2025-02-17 12:11:25,DuckDuckGo.exe,0.0,3.9646320038183074,688463,223603,1380158805,367396310
2,2025-02-17 12:11:35,DuckDuckGo.exe,0.0,3.964583350564694,688497,223609,1380267709,367396982
2,2025-02-17 12:11:45,DuckDuckGo.exe,0.0,3.964583350564694,688588,223633,1380279677,367399670
2,2025-02-17 12:11:55,DuckDuckGo.exe,0.0,3.9647293103255343,688613,223639,1380321365,367400342
2,2025-02-17 12:12:05,DuckDuckGo.exe,0.3,3.9651428629812475,688717,223679,1380474029,367404822
2,2025-02-17 12:12:15,DuckDuckGo.exe,0.6,3.9653131493688947,689097,223755,1381215549,367413334
2,2025-02-17 12:12:25,DuckDuckGo.exe,0.3,3.9653861292493144,689168,223773,1381361445,367415350
2,2025-02-17 12:12:35,DuckDuckGo.exe,0.0,3.965410455876121,689216,223790,1381367709,367417958
2,2025-02-17 12:12:45,DuckDuckGo.exe,0.0,3.9655564156369607,689288,223820,1381396341,367422030
2,2025-02-17 12:12:55,DuckDuckGo.exe,0.3,3.9657510286514146,689364,223849,1381413741,367425278
2,2025-02-17 12:13:05,DuckDuckGo.exe,0.0,3.965969968292675,689444,223880,1381451485,367429462
2,2025-02-17 12:13:15,DuckDuckGo.exe,0.0,3.966140254680321,689507,223903,1381489725,367432038
2,2025-02-17 12:13:25,DuckDuckGo.exe,0.0,3.9647049836987276,689576,223930,1381517029,367435062
2,2025-02-17 12:13:35,DuckDuckGo.exe,0.9,3.9647049836987276,689866,224041,1381635557,367452494
2,2025-02-17 12:13:45,DuckDuckGo.exe,0.0,3.9661159280535143,690069,224099,1382031941,367458990
2,2025-02-17 12:13:55,DuckDuckGo.exe,0.3,3.9665051540824217,690216,224153,1382170621,367465750
2,2025-02-17 12:14:05,DuckDuckGo.exe,0.3,3.9668214002309083,690359,224198,1382379021,367471502
2,2025-02-17 12:14:15,DuckDuckGo.exe,0.3,3.9669673599917488,690513,224250,1382548133,367478038
2,2025-02-17 12:14:25,DuckDuckGo.exe,0.3,3.965118536354441,690665,224309,1382615253,367485358
2,2025-02-17 12:14:36,DuckDuckGo.exe,0.0,3.965118536354441,690773,224351,1382666229,367490766
2,2025-02-17 12:14:46,DuckDuckGo.exe,0.0,3.965118536354441,690874,224390,1382708037,367495846
2,2025-02-17 12:14:56,DuckDuckGo.exe,0.3,3.9651428629812475,691039,224452,1382799325,367504206
2,2025-02-17 12:15:06,DuckDuckGo.exe,0.9,3.9651671896080543,691195,224509,1382920605,367513414
2,2025-02-17 12:15:16,DuckDuckGo.exe,0.0,3.9651671896080543,691296,224548,1382966821,367518494
2,2025-02-17 12:15:26,DuckDuckGo.exe,0.0,3.965288822742088,691414,224593,1383025389,367524238
2,2025-02-17 12:15:36,DuckDuckGo.exe,0.3,3.964753636952341,691523,224635,1383078373,367533198
2,2025-02-17 12:15:46,DuckDuckGo.exe,0.0,3.964753636952341,691592,224659,1383134701,367535886
2,2025-02-17 12:15:56,DuckDuckGo.exe,0.3,3.964996903220407,691729,224712,1383267085,367551214
2,2025-02-17 12:16:06,DuckDuckGo.exe,0.0,3.964948249966794,691853,224759,1383333181,367556478
2,2025-02-17 12:16:16,DuckDuckGo.exe,0.6,3.964948249966794,691954,224798,1383375877,367562974
2,2025-02-17 12:16:26,DuckDuckGo.exe,0.0,3.9651428629812475,692064,224840,1383428469,367569806
2,2025-02-17 12:16:36,DuckDuckGo.exe,0.0,3.965288822742088,692165,224879,1383474717,367576310
2,2025-02-17 12:16:46,DuckDuckGo.exe,0.6,3.965434782502928,692281,224924,1383525061,367584190
2,2025-02-17 12:16:56,DuckDuckGo.exe,0.3,3.9656780487709944,692375,224960,1383570517,367590350
2,2025-02-17 12:17:06,DuckDuckGo.exe,0.0,3.9620533813767995,692513,225011,1383682413,367596774
2,2025-02-17 12:17:16,DuckDuckGo.exe,0.0,3.962175014510833,692614,225050,1383725997,367601854
2,2025-02-17 12:17:26,DuckDuckGo.exe,0.3,3.962175014510833,692715,225089,1383770469,367608350
2,2025-02-17 12:17:36,DuckDuckGo.exe,0.0,3.962199341137639,692784,225113,1383823189,367611038
2,2025-02-17 12:17:46,DuckDuckGo.exe,0.0,3.9623209742716727,692882,225152,1383866429,367616814
2,2025-02-17 12:17:56,DuckDuckGo.exe,0.0,3.962612893793353,692991,225194,1383917765,367622934
2,2025-02-17 12:18:06,DuckDuckGo.exe,0.0,3.962904813315033,693107,225238,1383975653,367629990
2,2025-02-17 12:18:16,DuckDuckGo.exe,0.0,3.9670403398721685,693217,225281,1384021871,367832616
2,2025-02-17 12:18:27,DuckDuckGo.exe,0.0,3.9661889079339345,693318,225320,1384065455,367836984
2,2025-02-17 12:18:37,DuckDuckGo.exe,0.6,3.965994294919481,693428,225362,1384117159,367843816
2,2025-02-17 12:18:47,DuckDuckGo.exe,0.0,3.965994294919481,693537,225404,1384167607,367850648
2,2025-02-17 12:18:57,DuckDuckGo.exe,0.0,3.8936712334232286,693703,225461,1384361423,367857744
2,2025-02-17 12:19:07,DuckDuckGo.exe,0.0,3.894546991988269,693877,225521,1384572415,367865168
2,2025-02-17 12:19:17,DuckDuckGo.exe,0.3,3.894863238136755,693987,225563,1384627671,367872008
2,2025-02-17 12:19:27,DuckDuckGo.exe,0.0,3.8951065044048225,694088,225602,1384671255,367877088
2,2025-02-17 12:19:37,DuckDuckGo.exe,0.0,3.8953254440460827,694140,225620,1384707575,367879104
2,2025-02-17 12:19:47,DuckDuckGo.exe,0.3,3.8822133921972832,694247,225662,1384760719,367885936
2,2025-02-17 12:19:57,DuckDuckGo.exe,0.3,3.8813133070054358,694354,225704,1384805975,367892056
2,2025-02-17 12:20:07,DuckDuckGo.exe,0.3,3.881459266766276,694538,225767,1385012839,367901952
2,2025-02-17 12:20:17,DuckDuckGo.exe,0.0,3.881459266766276,694648,225809,1385068087,367906656
2,2025-02-17 12:20:27,DuckDuckGo.exe,0.3,3.8815079200198896,694757,225851,1385119951,367912784
2,2025-02-17 12:20:37,DuckDuckGo.exe,0.0,3.8816538797807296,694858,225890,1385163695,367919280
2,2025-02-17 12:20:47,DuckDuckGo.exe,0.3,3.8819701259292163,694961,225929,1385218159,367926496
2,2025-02-17 12:20:57,DuckDuckGo.exe,0.0,3.8821890655704765,695061,225968,1385260855,367932280
2,2025-02-17 12:21:07,DuckDuckGo.exe,0.6,3.8817511862879566,695184,226013,1385333247,367940160
2,2025-02-17 12:21:17,DuckDuckGo.exe,0.0,3.880680814708463,695294,226055,1385385831,367945568
2,2025-02-17 12:21:27,DuckDuckGo.exe,0.0,3.8800726490382957,695353,226076,1385422935,367947920
2,2025-02-17 12:21:37,DuckDuckGo.exe,0.0,3.8800726490382957,695458,226118,1385473935,367956888
2,2025-02-17 12:21:47,DuckDuckGo.exe,0.0,3.8800726490382957,695561,226160,1385526511,367962304
2,2025-02-17 12:21:57,DuckDuckGo.exe,0.0,3.8800726490382957,695667,226202,1385578767,367969128
2,2025-02-17 12:22:07,DuckDuckGo.exe,0.3,3.8799266892774553,695765,226241,1385614015,367974200
2,2025-02-17 12:22:18,DuckDuckGo.exe,0.0,3.879951015904262,695865,226283,1385637679,367981744
2,2025-02-17 12:22:28,DuckDuckGo.exe,0.3,3.8803645685599757,695964,226325,1385656151,367988576
2,2025-02-17 12:22:38,DuckDuckGo.exe,0.0,3.8806078348280426,696056,226364,1385675607,367993648
2,2025-02-17 12:22:48,DuckDuckGo.exe,0.0,3.8808997543497226,696141,226400,1385692511,368000520
2,2025-02-17 12:22:58,DuckDuckGo.exe,0.0,3.8799023626506486,696240,226442,1385713647,368006640
2,2025-02-17 12:23:08,DuckDuckGo.exe,0.3,3.8799023626506486,696352,226489,1385744951,368014032
2,2025-02-17 12:23:18,DuckDuckGo.exe,0.3,3.8799023626506486,696452,226531,1385771799,368019440
2,2025-02-17 12:23:28,DuckDuckGo.exe,0.0,3.8799023626506486,696502,226552,1385783895,368021792
2,2025-02-17 12:23:38,DuckDuckGo.exe,0.0,3.8799023626506486,696594,226591,1385803359,368028296
2,2025-02-17 12:23:48,DuckDuckGo.exe,0.3,3.8799266892774553,696686,226630,1385823711,368034080
2,2025-02-17 12:23:58,DuckDuckGo.exe,0.0,3.880315915306362,696820,226681,1385930767,368041920
2,2025-02-17 12:24:08,DuckDuckGo.exe,0.0,3.880997060856949,696967,226737,1386035599,368049608
2,2025-02-17 12:24:18,DuckDuckGo.exe,0.0,3.8799266892774553,697059,226776,1386055055,368056808
2,2025-02-17 12:24:28,DuckDuckGo.exe,0.3,3.8799266892774553,697151,226815,1386076295,368062592
2,2025-02-17 12:24:38,DuckDuckGo.exe,0.6,3.880048322411489,697243,226854,1386093975,368069096
2,2025-02-17 12:24:48,DuckDuckGo.exe,0.3,3.880048322411489,697342,226896,1386121719,368075928
2,2025-02-17 12:24:58,DuckDuckGo.exe,0.0,3.879951015904262,697434,226935,1386139407,368081712
2,2025-02-17 12:25:08,DuckDuckGo.exe,1.2,3.880315915306362,697580,226991,1386254295,368088688
2,2025-02-17 12:25:18,DuckDuckGo.exe,0.0,3.880315915306362,697623,227009,1386265607,368090704
2,2025-02-17 12:25:28,DuckDuckGo.exe,0.0,3.880486201694009,697715,227048,1386284183,368098624
2,2025-02-17 12:25:38,DuckDuckGo.exe,0.6,3.880778121215689,697814,227090,1386304431,368105464
2,2025-02-17 12:25:48,DuckDuckGo.exe,0.3,3.880997060856949,697906,227129,1386323895,368111256
2,2025-02-17 12:25:58,DuckDuckGo.exe,0.9,3.8799996691578755,697998,227168,1386344247,368117040
2,2025-02-17 12:26:08,DuckDuckGo.exe,0.3,3.8805105283208157,698187,227237,1386533759,368126184
2,2025-02-17 12:26:19,DuckDuckGo.exe,0.0,3.8805105283208157,698278,227276,1386553223,368132688
2,2025-02-17 12:26:29,DuckDuckGo.exe,0.0,3.8805105283208157,698370,227315,1386572687,368137768
2,2025-02-17 12:26:39,DuckDuckGo.exe,0.9,3.880486201694009,698455,227351,1386591527,368143224
2,2025-02-17 12:26:49,DuckDuckGo.exe,0.0,3.880680814708463,698554,227393,1386609999,368151488
2,2025-02-17 12:26:59,DuckDuckGo.exe,0.0,3.8809240809765293,698646,227432,1386626799,368155856
2,2025-02-17 12:27:09,DuckDuckGo.exe,0.0,3.8810700407373693,698763,227479,1386681927,368162544
2,2025-02-17 12:27:19,DuckDuckGo.exe,0.6,3.8813619602590492,698813,227500,1386694023,368164896
2,2025-02-17 12:27:29,DuckDuckGo.exe,0.0,3.8802186087991353,698904,227539,1386715263,368171400
2,2025-02-17 12:27:39,DuckDuckGo.exe,0.0,3.880121302291909,699004,227581,1386743007,368177528
2,2025-02-17 12:27:49,DuckDuckGo.exe,0.3,3.880121302291909,699103,227623,1386765031,368185072
2,2025-02-17 12:27:59,DuckDuckGo.exe,0.3,3.880121302291909,699195,227662,1386784487,368190144
2,2025-02-17 12:28:09,DuckDuckGo.exe,0.3,3.880121302291909,699289,227701,1386803287,368195928
2,2025-02-17 12:28:19,DuckDuckGo.exe,0.6,3.880121302291909,699388,227743,1386823535,368202048
2,2025-02-17 12:28:29,DuckDuckGo.exe,0.0,3.880121302291909,699473,227779,1386840439,368206792
2,2025-02-17 12:28:39,DuckDuckGo.exe,0.0,3.880242935425942,699565,227818,1386860791,368212576
2,2025-02-17 12:28:49,DuckDuckGo.exe,0.6,3.880486201694009,699664,227860,1386880151,368218704
2,2025-02-17 12:28:59,DuckDuckGo.exe,0.6,3.880121302291909,699798,227911,1386987063,368225128
2,2025-02-17 12:29:09,DuckDuckGo.exe,0.0,3.880121302291909,699858,227935,1387006775,368227816
2,2025-02-17 12:29:19,DuckDuckGo.exe,0.0,3.880121302291909,699950,227974,1387025351,368235024
2,2025-02-17 12:29:29,DuckDuckGo.exe,0.0,3.880121302291909,700049,228016,1387045759,368241152
2,2025-02-17 12:29:39,DuckDuckGo.exe,0.3,3.880121302291909,700141,228055,1387062559,368247648
2,2025-02-17 12:29:49,DuckDuckGo.exe,0.6,3.880121302291909,700248,228100,1387094863,368254816
2,2025-02-17 12:29:59,DuckDuckGo.exe,0.0,3.880145628918716,700347,228142,1387115111,368260224
2,2025-02-17 12:30:10,DuckDuckGo.exe,0.3,3.8808024478424956,700483,228193,1387223095,368267360
2,2025-02-17 12:30:20,DuckDuckGo.exe,0.3,3.880948407603336,700575,228232,1387242559,368273152
2,2025-02-17 12:30:30,DuckDuckGo.exe,0.0,3.880145628918716,700675,228274,1387270303,368279272
2,2025-02-17 12:30:40,DuckDuckGo.exe,0.9,3.880145628918716,700767,228313,1387288151,368285056
2,2025-02-17 12:30:50,DuckDuckGo.exe,0.3,3.8801942821723285,700859,228352,1387310303,368290136
2,2025-02-17 12:31:00,DuckDuckGo.exe,0.3,3.8801942821723285,700958,228394,1387329655,368296968
2,2025-02-17 12:31:10,DuckDuckGo.exe,0.0,3.8802186087991353,701035,228421,1387414783,368299992
2,2025-02-17 12:31:20,DuckDuckGo.exe,0.0,3.8802915886795555,701127,228460,1387432471,368306488
2,2025-02-17 12:31:30,DuckDuckGo.exe,0.0,3.8804375484403955,701219,228499,1387453303,368311560
2,2025-02-17 12:31:40,DuckDuckGo.exe,0.3,3.8806321614548493,701318,228541,1387470887,368319104
2,2025-02-17 12:31:50,DuckDuckGo.exe,0.3,3.880778121215689,701410,228580,1387491239,368324888
2,2025-02-17 12:32:00,DuckDuckGo.exe,0.0,3.8809240809765293,701508,228622,1387518095,368331008
2,2025-02-17 12:32:10,DuckDuckGo.exe,0.3,3.880486201694009,701701,228691,1387705031,368340872
2,2025-02-17 12:32:20,DuckDuckGo.exe,0.0,3.880486201694009,701786,228727,1387722823,368346328
2,2025-02-17 12:32:30,DuckDuckGo.exe,0.3,3.880486201694009,701878,228766,1387744063,368352112
2,2025-02-17 12:32:40,DuckDuckGo.exe,0.3,3.880486201694009,701977,228808,1387762527,368358944
2,2025-02-17 12:32:50,DuckDuckGo.exe,5.0,3.8838676028201373,703086,228938,1388619335,368375920
2,2025-02-17 12:33:00,DuckDuckGo.exe,0.0,3.880340241933169,703822,228978,1389330671,368380400
2,2025-02-17 12:33:10,DuckDuckGo.exe,0.3,3.880997060856949,703925,229000,1389653607,368382864
2,2025-02-17 12:33:20,DuckDuckGo.exe,0.3,3.880948407603336,704012,229022,1389673199,368385328
2,2025-02-17 12:33:30,DuckDuckGo.exe,0.0,3.8809727342301423,704025,229025,1389674655,368385664
2,2025-02-17 12:33:41,DuckDuckGo.exe,0.0,3.8810457141105625,704040,229028,1389732639,368386000
2,2025-02-17 12:33:51,DuckDuckGo.exe,0.0,3.8811186939909827,704118,229049,1389741599,368388352
2,2025-02-17 12:34:01,DuckDuckGo.exe,0.0,3.880875427722916,704171,229058,1389935519,368389360
2,2025-02-17 12:34:11,DuckDuckGo.exe,0.3,3.8811186939909827,704208,229066,1390033903,368390256
2,2025-02-17 12:34:21,DuckDuckGo.exe,0.0,3.8811186939909827,704208,229066,1390033903,368390256
2,2025-02-17 12:34:31,DuckDuckGo.exe,0.0,3.880997060856949,704287,229087,1390043639,368392608
2,2025-02-17 12:34:41,DuckDuckGo.exe,0.0,3.880997060856949,704290,229087,1390043975,368392608
2,2025-02-17 12:34:51,DuckDuckGo.exe,0.0,3.880778121215689,704306,229090,1390101935,368392944
2,2025-02-17 12:35:01,DuckDuckGo.exe,0.0,3.8811430206177895,704338,229096,1390194503,368393616
2,2025-02-17 12:35:11,DuckDuckGo.exe,0.6,3.881483593393083,704465,229128,1390361215,368397200
2,2025-02-17 12:35:21,DuckDuckGo.exe,0.0,3.881483593393083,704465,229128,1390361215,368397200
2,2025-02-17 12:35:31,DuckDuckGo.exe,0.3,3.881483593393083,704470,229128,1390361775,368397200
2,2025-02-17 12:35:41,DuckDuckGo.exe,0.0,3.881483593393083,704470,229128,1390361775,368397200
2,2025-02-17 12:35:51,DuckDuckGo.exe,0.0,3.881532246646696,704483,229131,1390363231,368397536
2,2025-02-17 12:36:01,DuckDuckGo.exe,0.3,3.8817755129147633,704578,229155,1390463311,368400224
2,2025-02-17 12:36:11,DuckDuckGo.exe,0.0,3.8817511862879566,704619,229163,1390607415,368401120
2,2025-02-17 12:36:21,DuckDuckGo.exe,0.0,3.8817511862879566,704621,229163,1390607639,368401120
2,2025-02-17 12:36:31,DuckDuckGo.exe,0.0,3.8817511862879566,704624,229163,1390607975,368401120
2,2025-02-17 12:36:41,DuckDuckGo.exe,0.0,3.8817511862879566,704626,229163,1390608199,368401120
2,2025-02-17 12:36:51,DuckDuckGo.exe,0.0,3.882140412316863,704740,229187,1390902551,368408440
2,2025-02-17 12:37:01,DuckDuckGo.exe,0.0,3.881994452556023,704793,229199,1391018815,368409784
2,2025-02-17 12:37:11,DuckDuckGo.exe,0.3,3.8830161708819033,705001,229243,1391530527,368414712
2,2025-02-17 12:37:21,DuckDuckGo.exe,0.3,3.8829918442550966,705018,229246,1391584015,368415048
2,2025-02-17 12:37:32,DuckDuckGo.exe,0.0,3.8829918442550966,705023,229246,1391584575,368415048
2,2025-02-17 12:37:42,DuckDuckGo.exe,0.3,3.879732076263002,705121,229267,1391877551,368422032
2,2025-02-17 12:37:52,DuckDuckGo.exe,0.0,3.879853709397035,705148,229272,1391935663,368422592
2,2025-02-17 12:38:02,DuckDuckGo.exe,0.0,3.880121302291909,705179,229278,1391978303,368423264
2,2025-02-17 12:38:12,DuckDuckGo.exe,0.6,3.880851101096109,705275,229298,1392240063,368425504
2,2025-02-17 12:38:22,DuckDuckGo.exe,0.0,3.9518118714911883,705503,229376,1392443335,368437733
2,2025-02-17 12:38:32,DuckDuckGo.exe,0.0,3.954414820559503,705971,229456,1393999543,368455957
2,2025-02-17 12:38:42,DuckDuckGo.exe,6.9,3.907342797688581,707275,230056,1395374295,368551704
2,2025-02-17 12:38:52,DuckDuckGo.exe,0.3,3.8611708600095067,708777,230613,1397000623,368635845
2,2025-02-17 12:39:02,DuckDuckGo.exe,4.7,3.889803299760967,709202,230790,1397537109,368665123
2,2025-02-17 12:39:12,DuckDuckGo.exe,0.6,3.8637008291974015,710561,231277,1398548502,368911067
2,2025-02-17 12:39:22,DuckDuckGo.exe,0.0,3.8638467889582415,711246,231523,1398953286,368934579
2,2025-02-17 12:39:32,DuckDuckGo.exe,0.3,3.8646738942696683,711834,231735,1399656680,368953859
2,2025-02-17 12:39:42,DuckDuckGo.exe,0.0,3.865306386566642,712074,231818,1399965563,368961419
2,2025-02-17 12:39:52,DuckDuckGo.exe,7.8,4.119811556218105,712377,231955,1400261706,368979247
2,2025-02-17 12:40:02,DuckDuckGo.exe,1.9,4.01382044322141,713907,232796,1401080302,373393252
2,2025-02-17 12:40:12,DuckDuckGo.exe,0.3,3.9987136079744627,714206,232894,1401205246,373402244
2,2025-02-17 12:40:22,DuckDuckGo.exe,0.6,3.998397361825976,714503,232996,1401372075,373411436
2,2025-02-17 12:40:32,DuckDuckGo.exe,0.0,4.010925574631416,714648,233007,1401494899,373412668
2,2025-02-17 12:40:42,DuckDuckGo.exe,0.3,4.009514630276628,714915,233093,1401611474,373420452
2,2025-02-17 12:40:52,DuckDuckGo.exe,0.0,4.010828268124189,715439,233240,1402696808,373434548
2,2025-02-17 12:41:03,DuckDuckGo.exe,0.0,4.0118013331964555,715537,233252,1403044768,373435892
2,2025-02-17 12:41:13,DuckDuckGo.exe,0.3,4.009198384128141,716343,233427,1405287534,373454004
2,2025-02-17 12:41:23,DuckDuckGo.exe,0.3,4.011631046808809,717159,233558,1407717582,373468676
2,2025-02-17 12:41:33,DuckDuckGo.exe,0.6,4.010025489439568,717878,233680,1410075502,373491604
2,2025-02-17 12:41:43,DuckDuckGo.exe,0.0,4.0103174089612486,717940,233695,1410173166,373493284
2,2025-02-17 12:41:53,DuckDuckGo.exe,0.3,4.010147122573601,718136,233727,1410846134,373496868
2,2025-02-17 12:42:03,DuckDuckGo.exe,0.0,4.010633655109735,718214,233741,1411167110,373507700
2,2025-02-17 12:42:13,DuckDuckGo.exe,0.0,4.003603259962605,718548,233828,1411606468,373515956
2,2025-02-17 12:42:23,DuckDuckGo.exe,0.3,4.003895179484285,718604,233838,1411816460,373517076
2,2025-02-17 12:42:33,DuckDuckGo.exe,1.2,4.000246185463284,719254,233949,1413866124,373529508
2,2025-02-17 12:42:43,DuckDuckGo.exe,0.9,4.003676239843025,720126,234093,1416656756,373545636
2,2025-02-17 12:42:53,DuckDuckGo.exe,1.2,4.002119335727397,721365,234243,1419260140,373571700
2,2025-02-17 12:43:03,DuckDuckGo.exe,2.5,4.002095009100591,722650,234461,1423452460,373596116
2,2025-02-17 12:43:13,DuckDuckGo.exe,0.0,4.004089792498738,723228,234560,1425395636,373607204
2,2025-02-17 12:43:23,DuckDuckGo.exe,0.0,4.002630194890338,724048,234698,1428151212,373622660
2,2025-02-17 12:43:33,DuckDuckGo.exe,0.6,4.003262687187312,724267,234746,1428915548,373681124
2,2025-02-17 12:43:43,DuckDuckGo.exe,0.6,4.003822199603865,724564,234800,1429733772,373687172
2,2025-02-17 12:43:53,DuckDuckGo.exe,0.3,4.00151117005723,725120,234895,1431579404,373697812
2,2025-02-17 12:44:03,DuckDuckGo.exe,0.0,4.004868244556552,726011,235042,1434737468,373738180
2,2025-02-17 12:44:13,DuckDuckGo.exe,1.2,3.754863500864325,727996,235358,1441370036,373774068
2,2025-02-17 12:44:23,DuckDuckGo.exe,1.2,3.755398686654072,729390,235583,1446370244,373799268
2,2025-02-17 12:44:33,DuckDuckGo.exe,0.6,3.754936480744745,730977,235838,1451961244,373837092
2,2025-02-17 12:44:43,DuckDuckGo.exe,0.6,3.7540850488065116,732191,236035,1456223964,373859156
2,2025-02-17 12:44:54,DuckDuckGo.exe,0.9,3.7552527268932314,733832,236299,1462051724,373888724
2,2025-02-17 12:45:04,DuckDuckGo.exe,0.0,3.757880002588353,734383,236431,1463687146,373902020
2,2025-02-17 12:45:14,DuckDuckGo.exe,0.3,3.7520902654083637,735015,236560,1465961410,373916468
2,2025-02-17 12:45:24,DuckDuckGo.exe,0.0,3.7323370444413415,735116,236585,1466098162,373919268
2,2025-02-17 12:45:34,DuckDuckGo.exe,0.3,3.733480395901255,735219,236616,1466231298,373922740
2,2025-02-17 12:45:44,DuckDuckGo.exe,0.0,3.7336020290352887,735277,236638,1466283442,373925204
2,2025-02-17 12:45:54,DuckDuckGo.exe,0.3,3.7306585071916807,735527,236708,1466604418,373933756
2,2025-02-17 12:46:04,DuckDuckGo.exe,0.6,3.7312666728618478,735617,236741,1466682658,373937452
2,2025-02-17 12:46:14,DuckDuckGo.exe,0.0,3.7292718894637,735810,236810,1466766186,373949620
2,2025-02-17 12:46:24,DuckDuckGo.exe,0.0,3.729174582956473,735896,236845,1466797722,373957076
2,2025-02-17 12:46:34,DuckDuckGo.exe,0.0,3.729247562836893,735935,236863,1466802090,373959092
2,2025-02-17 12:46:44,DuckDuckGo.exe,0.0,3.7292718894637,735959,236871,1466811026,373959988
2,2025-02-17 12:46:54,DuckDuckGo.exe,0.0,3.7292718894637,736003,236885,1466826226,373961556
2,2025-02-17 12:47:04,DuckDuckGo.exe,0.0,3.7293691959709268,736069,236911,1466851026,373965180
2,2025-02-17 12:47:14,DuckDuckGo.exe,0.3,3.730123321401934,736272,236989,1466936602,373977468
2,2025-02-17 12:47:24,DuckDuckGo.exe,0.0,3.7304395675504205,736408,237034,1467116018,373985340
2,2025-02-17 12:47:34,DuckDuckGo.exe,0.0,3.7304638941772272,736437,237045,1467125514,373987284
2,2025-02-17 12:47:44,DuckDuckGo.exe,0.0,3.7306098539380677,736500,237071,1467139706,373991604
2,2025-02-17 12:47:54,DuckDuckGo.exe,0.0,3.7306341805648744,736547,237092,1467144970,373993956
2,2025-02-17 12:48:04,DuckDuckGo.exe,0.0,3.7293205427173133,736605,237112,1467173058,373998316
2,2025-02-17 12:48:14,DuckDuckGo.exe,0.0,3.7318261852784014,736710,237153,1467267914,374198590
2,2025-02-17 12:48:24,DuckDuckGo.exe,2.2,3.7335047225280618,737106,237240,1468543386,374213678
2,2025-02-17 12:48:34,DuckDuckGo.exe,0.9,3.733042516618735,738941,237420,1470243354,374239678
2,2025-02-17 12:48:44,DuckDuckGo.exe,0.3,3.733115496499155,738958,237423,1470334738,374240014
2,2025-02-17 12:48:55,DuckDuckGo.exe,0.0,3.733066843245542,739073,237450,1470548250,374243038
2,2025-02-17 12:49:05,DuckDuckGo.exe,0.3,3.734769707122009,739368,237507,1471600426,374254054
2,2025-02-17 12:49:15,DuckDuckGo.exe,0.0,3.73506162664369,739400,237513,1471724578,374259358
2,2025-02-17 12:49:25,DuckDuckGo.exe,0.0,3.7351832597777226,739459,237528,1471731410,374261038
2,2025-02-17 12:49:35,DuckDuckGo.exe,0.0,3.7352075864045293,739497,237536,1471790154,374261934
2,2025-02-17 12:49:45,DuckDuckGo.exe,0.0,3.735158933150916,739530,237542,1471882746,374262606
2,2025-02-17 12:49:55,DuckDuckGo.exe,0.0,3.7351832597777226,739638,237552,1471968402,374263726
2,2025-02-17 12:50:05,DuckDuckGo.exe,1.2,3.599489335450074,739830,237593,1472475498,374268318
2,2025-02-17 12:50:15,DuckDuckGo.exe,0.0,3.599829908225368,739877,237601,1472590730,374269214
2,2025-02-17 12:50:25,DuckDuckGo.exe,0.3,3.596594466860079,739903,237607,1472643818,374269886
2,2025-02-17 12:50:35,DuckDuckGo.exe,0.3,3.596618793486886,739987,237621,1472898074,374280718
2,2025-02-17 12:50:45,DuckDuckGo.exe,0.6,3.5969593662621797,740006,237624,1472989618,374281054
2,2025-02-17 12:50:55,DuckDuckGo.exe,0.3,3.592921146212271,740082,237642,1473102274,374283070
2,2025-02-17 12:51:05,DuckDuckGo.exe,0.0,3.593602291762858,740265,237674,1473755714,374295918
2,2025-02-17 12:51:15,DuckDuckGo.exe,0.0,3.5928968195854645,740267,237674,1473755938,374295918
2,2025-02-17 12:51:25,DuckDuckGo.exe,0.0,3.5928968195854645,740272,237674,1473756498,374295918
2,2025-02-17 12:51:35,DuckDuckGo.exe,0.0,3.592921146212271,740301,237679,1473814842,374296478
2,2025-02-17 12:51:45,DuckDuckGo.exe,0.0,3.592921146212271,740345,237691,1473821122,374297822
2,2025-02-17 12:51:55,DuckDuckGo.exe,0.0,3.592921146212271,740350,237691,1473821682,374297822
2,2025-02-17 12:52:05,DuckDuckGo.exe,0.0,3.5935536385092446,740438,237711,1474036922,374300062
2,2025-02-17 12:52:15,DuckDuckGo.exe,0.0,3.5933346988679844,740468,237716,1474095506,374300622
2,2025-02-17 12:52:25,DuckDuckGo.exe,0.3,3.5934320053752113,740469,237716,1474095618,374300622
2,2025-02-17 12:52:35,DuckDuckGo.exe,0.0,3.5935293118824383,740514,237724,1474207442,374301518
2,2025-02-17 12:52:46,DuckDuckGo.exe,0.0,3.5935779651360513,740557,237736,1474213754,374302862
2,2025-02-17 12:52:56,DuckDuckGo.exe,0.3,3.593699598270085,740574,237739,1474267378,374303198
2,2025-02-17 12:53:06,DuckDuckGo.exe,0.3,3.593796904777312,740655,237758,1474346962,374305326
2,2025-02-17 12:53:16,DuckDuckGo.exe,0.0,3.5938212314041187,740682,237763,1474405186,374305886
2,2025-02-17 12:53:26,DuckDuckGo.exe,0.0,3.5938698846577313,740699,237766,1474458514,374306222
2,2025-02-17 12:53:36,DuckDuckGo.exe,0.0,3.593894211284538,740731,237771,1474517194,374306782
2,2025-02-17 12:53:46,DuckDuckGo.exe,0.0,3.593796904777312,740731,237771,1474517194,374306782
2,2025-02-17 12:53:56,DuckDuckGo.exe,0.3,3.594307763940252,740832,237792,1474716706,374309134
2,2025-02-17 12:54:06,DuckDuckGo.exe,0.0,3.594405070447478,740902,237806,1474919546,374310702
2,2025-02-17 12:54:16,DuckDuckGo.exe,0.3,3.594332090567059,740951,237817,1474980354,374311934
2,2025-02-17 12:54:26,DuckDuckGo.exe,0.3,3.594332090567059,740954,237817,1474980690,374311934
2,2025-02-17 12:54:36,DuckDuckGo.exe,0.0,3.5943564171938656,740982,237822,1475039034,374312494
2,2025-02-17 12:54:46,DuckDuckGo.exe,0.0,3.5944537237010916,740986,237822,1475039482,374312494
2,2025-02-17 12:54:56,DuckDuckGo.exe,0.0,3.594502376954705,741004,237825,1475093082,374312830
2,2025-02-17 12:55:06,DuckDuckGo.exe,0.0,3.5945753568351253,741094,237842,1475399194,374314734
2,2025-02-17 12:55:16,DuckDuckGo.exe,0.6,3.594672663342352,741124,237847,1475457666,374315294
2,2025-02-17 12:55:26,DuckDuckGo.exe,0.0,3.5947699698495788,741167,237859,1475462706,374316638
2,2025-02-17 12:55:36,DuckDuckGo.exe,0.3,3.5946969899691585,741199,237864,1475521386,374317198
2,2025-02-17 12:55:46,DuckDuckGo.exe,0.0,3.594915929610419,741237,237873,1475577178,374318206
2,2025-02-17 12:55:56,DuckDuckGo.exe,0.0,3.594915929610419,741239,237873,1475577402,374318206
2,2025-02-17 12:56:06,DuckDuckGo.exe,0.3,3.5952321757589054,741358,237894,1475972882,374320558
2,2025-02-17 12:56:16,DuckDuckGo.exe,0.0,3.5929697994658847,741386,237899,1476031122,374321118
2,2025-02-17 12:56:26,DuckDuckGo.exe,0.0,3.5929697994658847,741389,237899,1476031458,374321118
2,2025-02-17 12:56:36,DuckDuckGo.exe,0.0,3.5928724929586577,741393,237899,1476031906,374321118
2,2025-02-17 12:56:47,DuckDuckGo.exe,0.0,3.592775186451431,741421,237904,1476090138,374321678
2,2025-02-17 12:56:57,DuckDuckGo.exe,0.0,3.5928724929586577,741439,237907,1476143738,374322014
2,2025-02-17 12:57:07,DuckDuckGo.exe,0.0,3.5928724929586577,741466,237912,1476204170,374322574
2,2025-02-17 12:57:17,DuckDuckGo.exe,0.0,3.593067105973111,741509,237924,1476209986,374323918
2,2025-02-17 12:57:27,DuckDuckGo.exe,0.0,3.593067105973111,741556,237932,1476321970,374324814
2,2025-02-17 12:57:37,DuckDuckGo.exe,0.3,3.5928724929586577,741578,237938,1476324658,374325486
2,2025-02-17 12:57:47,DuckDuckGo.exe,0.0,3.5928724929586577,741624,237946,1476436330,374326382
2,2025-02-17 12:57:57,DuckDuckGo.exe,0.0,3.5928724929586577,741625,237946,1476436442,374326382
2,2025-02-17 12:58:07,DuckDuckGo.exe,0.0,3.5928724929586577,741649,237951,1476490570,374326942
2,2025-02-17 12:58:17,DuckDuckGo.exe,0.3,3.5929697994658847,741653,237951,1476491018,374326942
2,2025-02-17 12:58:27,DuckDuckGo.exe,2.2,3.593261718987565,742250,237989,1476769442,374331198
2,2025-02-17 12:58:37,DuckDuckGo.exe,0.0,3.593286045614372,742272,237992,1476829034,374331534
2,2025-02-17 12:58:47,DuckDuckGo.exe,0.3,3.5932130657339516,742301,237997,1476887370,374332094
2,2025-02-17 12:58:57,DuckDuckGo.exe,0.0,3.5935293118824383,742353,238006,1477081090,374333102
2,2025-02-17 12:59:07,DuckDuckGo.exe,0.6,3.594137477552605,742468,238030,1477382698,374335790
2,2025-02-17 12:59:17,DuckDuckGo.exe,0.3,3.5942591106866386,742526,238045,1477443026,374337470
2,2025-02-17 12:59:27,DuckDuckGo.exe,0.3,3.5942834373134454,742555,238050,1477501498,374338030
2,2025-02-17 12:59:37,DuckDuckGo.exe,0.0,3.5942834373134454,742580,238056,1477504298,374338702
2,2025-02-17 12:59:47,DuckDuckGo.exe,0.0,3.5943807438206723,742623,238064,1477615818,374339598
2,2025-02-17 12:59:57,DuckDuckGo.exe,0.3,3.5943807438206723,742626,238064,1477616154,374339598
2,2025-02-17 13:00:07,DuckDuckGo.exe,0.0,3.5948186231031922,742689,238076,1477851714,374340942
2,2025-02-17 13:00:17,DuckDuckGo.exe,0.0,3.5948186231031922,742692,238076,1477852050,374340942
2,2025-02-17 13:00:27,DuckDuckGo.exe,0.0,3.594842949729999,742719,238081,1477910298,374341502
2,2025-02-17 13:00:37,DuckDuckGo.exe,0.0,3.594842949729999,742721,238081,1477910522,374341502
2,2025-02-17 13:00:47,DuckDuckGo.exe,0.0,3.5948672763568057,742752,238086,1477969082,374342062
2,2025-02-17 13:00:58,DuckDuckGo.exe,0.0,3.5948672763568057,742752,238086,1477969082,374342062
2,2025-02-17 13:01:08,DuckDuckGo.exe,0.3,3.5955240952805854,742890,238112,1478418226,374344974
2,2025-02-17 13:01:18,DuckDuckGo.exe,0.0,3.5955970751610056,742948,238127,1478476530,374346654
2,2025-02-17 13:01:28,DuckDuckGo.exe,0.0,3.5957187082950393,742974,238132,1478534658,374347214
2,2025-02-17 13:01:38,DuckDuckGo.exe,0.0,3.5957187082950393,743001,238138,1478537794,374347886
2,2025-02-17 13:01:48,DuckDuckGo.exe,0.0,3.595743034921846,743028,238143,1478595914,374348446
2,2025-02-17 13:01:58,DuckDuckGo.exe,0.0,3.5957187082950393,743030,238143,1478596138,374348446
2,2025-02-17 13:02:08,DuckDuckGo.exe,0.0,3.595791688175459,743090,238154,1478748650,374349678
2,2025-02-17 13:02:18,DuckDuckGo.exe,0.0,3.5957673615486527,743106,238157,1478802058,374350014
2,2025-02-17 13:02:28,DuckDuckGo.exe,0.0,3.5927995130782375,743135,238162,1478860522,374350574
2,2025-02-17 13:02:38,DuckDuckGo.exe,0.0,3.5927995130782375,743137,238162,1478860746,374350574
2,2025-02-17 13:02:48,DuckDuckGo.exe,0.0,3.5932130657339516,743167,238167,1478919194,374351134
2,2025-02-17 13:02:58,DuckDuckGo.exe,0.0,3.5932130657339516,743168,238167,1478919306,374351134
2,2025-02-17 13:03:08,DuckDuckGo.exe,0.0,3.5932130657339516,743224,238179,1479029858,374352478
2,2025-02-17 13:03:18,DuckDuckGo.exe,0.0,3.5932130657339516,743270,238191,1479035898,374353822
2,2025-02-17 13:03:28,DuckDuckGo.exe,0.3,3.5932130657339516,743292,238195,1479084850,374354270
2,2025-02-17 13:03:38,DuckDuckGo.exe,0.0,3.5932130657339516,743340,238205,1479150538,374355390
2,2025-02-17 13:03:48,DuckDuckGo.exe,0.0,3.5932130657339516,743365,238210,1479208538,374355950
2,2025-02-17 13:03:58,DuckDuckGo.exe,0.0,3.592994126092691,743415,238219,1479402170,374356958
2,2025-02-17 13:04:08,DuckDuckGo.exe,0.3,3.592994126092691,743443,238224,1479456530,374357518
2,2025-02-17 13:04:18,DuckDuckGo.exe,0.0,3.592994126092691,743444,238224,1479456642,374357518
2,2025-02-17 13:04:28,DuckDuckGo.exe,0.3,3.592994126092691,743447,238224,1479456978,374357518
2,2025-02-17 13:04:38,DuckDuckGo.exe,0.0,3.593091432599918,743493,238232,1479568858,374358414
2,2025-02-17 13:04:48,DuckDuckGo.exe,0.0,3.593091432599918,743503,238233,1479569978,374358526
2,2025-02-17 13:04:59,DuckDuckGo.exe,0.0,3.5930184527194977,743522,238237,1479627202,374358974
2,2025-02-17 13:05:09,DuckDuckGo.exe,0.0,3.593091432599918,743614,238258,1479775794,374361326
2,2025-02-17 13:05:19,DuckDuckGo.exe,0.3,3.5923616337957176,743695,238276,1479885826,374363342
2,2025-02-17 13:05:29,DuckDuckGo.exe,0.0,3.5923616337957176,743696,238276,1479885938,374363342
2,2025-02-17 13:05:39,DuckDuckGo.exe,0.0,3.5923859604225243,743747,238287,1479946874,374364574
2,2025-02-17 13:05:49,DuckDuckGo.exe,0.0,3.5923859604225243,743749,238287,1479947098,374364574
2,2025-02-17 13:05:59,DuckDuckGo.exe,0.0,3.592410287049331,743777,238292,1480005434,374365134
2,2025-02-17 13:06:09,DuckDuckGo.exe,0.0,3.593359025494791,743923,238318,1480536546,374368046
2,2025-02-17 13:06:19,DuckDuckGo.exe,0.0,3.593456332002018,743925,238318,1480536770,374368046
2,2025-02-17 13:06:29,DuckDuckGo.exe,0.0,3.593456332002018,743926,238318,1480536882,374368046
2,2025-02-17 13:06:39,DuckDuckGo.exe,0.0,3.5935293118824383,744036,238340,1480807418,374370510
2,2025-02-17 13:06:49,DuckDuckGo.exe,0.0,3.593456332002018,744037,238340,1480807530,374370510
2,2025-02-17 13:06:59,DuckDuckGo.exe,0.0,3.5935293118824383,744075,238346,1480952810,374371182
2,2025-02-17 13:07:09,DuckDuckGo.exe,0.0,3.5936752716432783,744123,238357,1481068530,374372414
2,2025-02-17 13:07:19,DuckDuckGo.exe,0.0,3.5936752716432783,744168,238369,1481074730,374373758
2,2025-02-17 13:07:29,DuckDuckGo.exe,0.0,3.5936752716432783,744172,238369,1481075178,374373758
2,2025-02-17 13:07:39,DuckDuckGo.exe,0.0,3.593796904777312,744247,238385,1481193890,374375550
2,2025-02-17 13:07:49,DuckDuckGo.exe,0.0,3.593796904777312,744251,238385,1481194338,374375550
2,2025-02-17 13:07:59,DuckDuckGo.exe,0.0,3.593796904777312,744253,238385,1481194562,374375550
2,2025-02-17 13:08:09,DuckDuckGo.exe,0.0,3.594307763940252,744325,238399,1481436386,374377118
2,2025-02-17 13:08:19,DuckDuckGo.exe,0.3,3.5947213165959653,744469,238428,1481817074,374380366
2,2025-02-17 13:08:29,DuckDuckGo.exe,0.3,3.593286045614372,744500,238434,1481920610,374381038
2,2025-02-17 13:08:39,DuckDuckGo.exe,0.0,3.593286045614372,744530,238439,1481979170,374381598
2,2025-02-17 13:08:49,DuckDuckGo.exe,0.0,3.593188739107145,744532,238439,1481979394,374381598
2,2025-02-17 13:09:00,DuckDuckGo.exe,0.0,3.593067105973111,744584,238448,1482173682,374382606
2,2025-02-17 13:09:10,DuckDuckGo.exe,0.0,3.5931400858535314,744636,238459,1482289058,374383838
2,2025-02-17 13:09:20,DuckDuckGo.exe,0.0,3.593261718987565,744724,238479,1482406858,374386078
2,2025-02-17 13:09:30,DuckDuckGo.exe,0.0,3.593286045614372,744742,238482,1482460482,374386414
2,2025-02-17 13:09:40,DuckDuckGo.exe,0.0,3.593286045614372,744774,238489,1482464178,374387198
2,2025-02-17 13:09:50,DuckDuckGo.exe,0.0,3.593286045614372,744794,238493,1482521514,374387646
2,2025-02-17 13:10:00,DuckDuckGo.exe,0.3,3.593796904777312,744814,238496,1482612506,374387982
2,2025-02-17 13:10:10,DuckDuckGo.exe,0.0,3.593796904777312,744824,238498,1482618258,374388206
2,2025-02-17 13:10:20,DuckDuckGo.exe,0.0,3.593796904777312,744852,238503,1482676610,374388766
2,2025-02-17 13:10:30,DuckDuckGo.exe,0.0,3.593796904777312,744853,238503,1482676722,374388766
2,2025-02-17 13:10:40,DuckDuckGo.exe,0.0,3.5938212314041187,744873,238506,1482730546,374389102
2,2025-02-17 13:10:50,DuckDuckGo.exe,8.4,3.6488237346140164,745070,238573,1482945714,374399845
2,2025-02-17 13:11:00,DuckDuckGo.exe,1.2,3.594429397074285,745501,238646,1484406714,374417285
2,2025-02-17 13:11:10,DuckDuckGo.exe,0.3,3.5700784436408006,746797,238870,1488516306,374442373
2,2025-02-17 13:11:20,DuckDuckGo.exe,0.0,3.570735262564581,746953,238897,1489097490,374445397
2,2025-02-17 13:11:30,DuckDuckGo.exe,1.2,3.5674025146920663,747518,238994,1490952962,374456261
2,2025-02-17 13:11:40,DuckDuckGo.exe,0.0,3.570370363162481,748134,239091,1492996906,374467125
2,2025-02-17 13:11:50,DuckDuckGo.exe,0.3,3.570978528832648,748269,239114,1493477602,374469701
2,2025-02-17 13:12:00,DuckDuckGo.exe,0.3,3.5716840010100412,748573,239226,1493836652,374479765
2,2025-02-17 13:12:10,DuckDuckGo.exe,0.0,3.5731192719916356,748713,239251,1494369596,374482565
2,2025-02-17 13:12:20,DuckDuckGo.exe,0.9,3.567840393974586,750320,239510,1500050900,374511573
2,2025-02-17 13:12:30,DuckDuckGo.exe,1.9,3.568886438927273,752085,239793,1506128788,374543269
2,2025-02-17 13:12:40,DuckDuckGo.exe,1.2,3.571294774981135,753891,240083,1512507060,374575749
2,2025-02-17 13:12:51,DuckDuckGo.exe,1.6,3.5690323986881136,755987,240422,1519805604,374613717
2,2025-02-17 13:13:01,DuckDuckGo.exe,1.9,3.5695919111046672,757257,240631,1524170564,374637125
2,2025-02-17 13:13:11,DuckDuckGo.exe,0.9,3.5687404791664337,758388,240822,1527847092,374658517
2,2025-02-17 13:13:21,DuckDuckGo.exe,0.3,3.5714893879955882,759157,240945,1530542492,374672293
2,2025-02-17 13:13:31,DuckDuckGo.exe,0.6,3.5829472292215336,760394,241153,1534724428,374695589
2,2025-02-17 13:13:41,DuckDuckGo.exe,0.9,3.583725681279347,761875,241391,1539907764,374722245
2,2025-02-17 13:13:51,DuckDuckGo.exe,0.3,3.5820957972832996,762462,241474,1541744228,374731541
2,2025-02-17 13:14:01,DuckDuckGo.exe,0.9,3.5815606114935528,764039,241726,1547360748,374769029
2,2025-02-17 13:14:11,DuckDuckGo.exe,0.3,3.582290410297753,765622,241983,1552913172,374797813
2,2025-02-17 13:14:21,DuckDuckGo.exe,1.9,3.58267963632666,766997,242207,1557772348,374822901
2,2025-02-17 13:14:31,DuckDuckGo.exe,0.9,3.580806486062546,768110,242387,1561708484,374843061
2,2025-02-17 13:14:41,DuckDuckGo.exe,0.6,3.580222647019186,769504,242612,1566572652,374868261
2,2025-02-17 13:14:51,DuckDuckGo.exe,0.3,3.583531068264894,771431,242922,1573300780,374902981
2,2025-02-17 13:15:01,DuckDuckGo.exe,0.0,3.5802713002727993,773407,243240,1580154892,374938597
2,2025-02-17 13:15:11,DuckDuckGo.exe,0.0,3.5810497523306126,774752,243458,1584786364,374972277
2,2025-02-17 13:15:21,DuckDuckGo.exe,0.6,3.5807821594357394,774965,243544,1585022252,374979925
2,2025-02-17 13:15:31,DuckDuckGo.exe,1.6,3.5816579180007793,775795,243876,1585507303,375009480
2,2025-02-17 13:15:41,DuckDuckGo.exe,0.3,3.581779551134813,775843,243886,1585664415,375010541
2,2025-02-17 13:15:51,DuckDuckGo.exe,0.0,3.5819011842688466,775937,243900,1585926503,375012109
2,2025-02-17 13:16:01,DuckDuckGo.exe,0.6,3.5847473996052273,776511,243996,1587898295,375022861
2,2025-02-17 13:16:11,DuckDuckGo.exe,0.0,3.580733506182126,776667,244025,1588484295,375026109
2,2025-02-17 13:16:21,DuckDuckGo.exe,0.0,3.580733506182126,776670,244025,1588484631,375026109
2,2025-02-17 13:16:31,DuckDuckGo.exe,0.0,3.5817308978811995,777304,244182,1589983063,375041709
2,2025-02-17 13:16:41,DuckDuckGo.exe,0.9,3.5846500930980003,779218,244514,1596316895,375078893
2,2025-02-17 13:16:52,DuckDuckGo.exe,0.0,3.5855258516630415,779279,244524,1596573967,375080013
2,2025-02-17 13:17:02,DuckDuckGo.exe,0.6,3.5821931037905266,779745,244651,1597601991,375101517
2,2025-02-17 13:17:12,DuckDuckGo.exe,0.9,3.583968947547414,780378,244801,1599144962,375116581
2,2025-02-17 13:17:22,DuckDuckGo.exe,0.0,3.5839932741742206,780395,244804,1599200874,375116917
2,2025-02-17 13:17:32,DuckDuckGo.exe,0.0,3.584674419724807,780715,244863,1600118850,375123525
2,2025-02-17 13:17:42,DuckDuckGo.exe,1.6,3.5830688623555664,781478,244989,1602596210,375137637
2,2025-02-17 13:17:52,DuckDuckGo.exe,0.0,3.583312128623634,781496,244992,1602689306,375137973
2,2025-02-17 13:18:02,DuckDuckGo.exe,0.3,3.5846014398443877,781923,245066,1604119450,375146261
2,2025-02-17 13:18:12,DuckDuckGo.exe,0.0,3.5851609522609413,782123,245100,1604857084,375354303
2,2025-02-17 13:18:22,DuckDuckGo.exe,0.0,3.584942012619681,782294,245121,1605367212,375356655
2,2025-02-17 13:18:32,DuckDuckGo.exe,0.6,3.5807578328089327,783356,245239,1607218284,375369871
2,2025-02-17 13:18:42,DuckDuckGo.exe,3.4,3.8665227179069763,784898,246110,1607951349,379743138
2,2025-02-17 13:18:52,DuckDuckGo.exe,0.3,3.7447436241127474,785114,246146,1608734005,379747170
2,2025-02-17 13:19:02,DuckDuckGo.exe,0.3,3.747589839449129,785851,246271,1611183477,379761170
2,2025-02-17 13:19:12,DuckDuckGo.exe,0.0,3.748222331746102,786452,246448,1612307281,379778018
2,2025-02-17 13:19:22,DuckDuckGo.exe,0.0,3.7496089494740827,786753,246535,1613014815,379786274
2,2025-02-17 13:19:32,DuckDuckGo.exe,0.3,3.745303136529301,786858,246556,1613197015,379788626
2,2025-02-17 13:19:42,DuckDuckGo.exe,0.0,3.7449139105003937,786922,246567,1613408399,379789858
2,2025-02-17 13:19:52,DuckDuckGo.exe,0.0,3.7452788099024943,786940,246570,1613500079,379790194
2,2025-02-17 13:20:02,DuckDuckGo.exe,0.6,3.7467384075108945,787686,246841,1614506314,379833370
2,2025-02-17 13:20:12,DuckDuckGo.exe,1.6,3.7434056596383796,788852,247239,1616176968,379879506
2,2025-02-17 13:20:22,DuckDuckGo.exe,0.3,3.73586440532831,789105,247295,1616424592,379885706
2,2025-02-17 13:20:32,DuckDuckGo.exe,1.2,3.7582205753636466,789124,247331,1616428121,379889604
3,2025-03-25 10:19:45,DuckDuckGo.exe,0.3,5.327531270662429,110987,32581,236894761,148517380
3,2025-03-25 10:19:55,DuckDuckGo.exe,0.0,5.326339265948901,111543,32757,237913657,148562180
3,2025-03-25 10:20:05,DuckDuckGo.exe,11.8,5.586269273378253,112999,33558,239517527,151154706
3,2025-03-25 10:20:15,DuckDuckGo.exe,3.7,5.459478894461848,115567,34493,240761068,152129911
3,2025-03-25 10:20:25,DuckDuckGo.exe,1.9,5.469696077720653,116667,34928,241787892,152442055
3,2025-03-25 10:20:35,DuckDuckGo.exe,2.5,5.471885474133254,117800,35459,242451396,155392519
3,2025-03-25 10:20:45,DuckDuckGo.exe,2.5,5.483464948493233,119480,36078,243266584,156383905
3,2025-03-25 10:20:55,DuckDuckGo.exe,1.2,5.480545753276432,121486,36746,243957476,156659651
3,2025-03-25 10:21:05,DuckDuckGo.exe,2.8,5.5264987513142465,121775,36922,244030537,156782861
3,2025-03-25 10:21:16,DuckDuckGo.exe,1.9,5.485702998159447,124126,37542,248985728,157021569
3,2025-03-25 10:21:26,DuckDuckGo.exe,3.4,5.560969581499308,124659,37644,260939426,157032453
3,2025-03-25 10:21:36,DuckDuckGo.exe,0.9,5.555593396975032,124707,37653,261107714,157033461
3,2025-03-25 10:21:46,DuckDuckGo.exe,0.6,5.556663768554526,124775,37665,261247362,157034805
3,2025-03-25 10:21:56,DuckDuckGo.exe,0.9,5.554766291663606,124824,37676,261322322,157036037
3,2025-03-25 10:22:06,DuckDuckGo.exe,4.1,5.561285827647795,125854,38349,261599291,157428406
3,2025-03-25 10:22:16,DuckDuckGo.exe,1.6,5.513946211882001,126336,38508,261791363,157517205
3,2025-03-25 10:22:26,DuckDuckGo.exe,1.2,5.514432744418134,126475,38563,261924467,157595765
3,2025-03-25 10:22:36,DuckDuckGo.exe,0.6,5.514919276954267,126851,38665,262087801,157628509
3,2025-03-25 10:22:46,DuckDuckGo.exe,1.2,5.514140824896454,127218,38798,262332633,157704333
3,2025-03-25 10:22:56,DuckDuckGo.exe,2.2,5.511051343292006,127582,38915,262451011,157742139
3,2025-03-25 10:23:06,DuckDuckGo.exe,1.2,5.512097388244692,128567,39293,262789183,157798599
3,2025-03-25 10:23:16,DuckDuckGo.exe,0.9,5.511854121976626,128746,39379,262976887,157918614
3,2025-03-25 10:23:26,DuckDuckGo.exe,2.2,5.512656900661246,128893,39510,263107751,158114438
3,2025-03-25 10:23:36,DuckDuckGo.exe,1.2,5.512705553914859,129106,39632,263413183,158270299
3,2025-03-25 10:23:46,DuckDuckGo.exe,0.3,5.510199911353772,129260,39685,263548511,158339220
3,2025-03-25 10:23:56,DuckDuckGo.exe,1.2,5.509883665205286,129385,39816,263612895,158546739
3,2025-03-25 10:24:06,DuckDuckGo.exe,0.0,5.510808077023939,129548,39866,263762919,158611427
3,2025-03-25 10:24:16,DuckDuckGo.exe,0.6,5.511562202454946,129765,39997,264111927,158783879
3,2025-03-25 10:24:26,DuckDuckGo.exe,1.9,5.5103458711146125,129898,40017,264316919,158813391
3,2025-03-25 10:24:36,DuckDuckGo.exe,1.6,5.5102485646073855,130104,40113,264645943,158942318
3,2025-03-25 10:24:46,DuckDuckGo.exe,5.3,5.415909905851089,132878,41214,266282152,161598932
3,2025-03-25 10:24:57,DuckDuckGo.exe,0.6,5.3183114791026975,133218,41312,266404472,161628892
3,2025-03-25 10:25:07,DuckDuckGo.exe,2.5,5.321084714558659,136432,42273,267666004,162811870
3,2025-03-25 10:25:17,DuckDuckGo.exe,1.9,5.3204035690080715,136821,42439,267868149,162876222
3,2025-03-25 10:25:27,DuckDuckGo.exe,4.3,5.326704165351002,138015,42931,269397506,163025051
3,2025-03-25 10:25:37,DuckDuckGo.exe,0.6,5.326095999680835,138386,43133,270587642,163744355
3,2025-03-25 10:25:47,DuckDuckGo.exe,1.2,5.326850125111841,138482,43143,270632306,163764955
3,2025-03-25 10:25:57,DuckDuckGo.exe,1.6,5.323541703866134,138641,43165,270841690,163786899
3,2025-03-25 10:26:07,DuckDuckGo.exe,1.2,5.324806688460081,138752,43178,270952130,163807835
3,2025-03-25 10:26:17,DuckDuckGo.exe,4.0,5.33718894150468,139231,43348,271188076,163859400
3,2025-03-25 10:26:27,DuckDuckGo.exe,0.6,5.323687663626973,139404,43372,271331920,163889360
3,2025-03-25 10:26:37,DuckDuckGo.exe,0.6,5.320914428171012,139511,43386,271385184,163918200
3,2025-03-25 10:26:47,DuckDuckGo.exe,3.1,5.321765860109246,139637,43398,271447080,163942920
3,2025-03-25 10:26:57,DuckDuckGo.exe,0.3,5.321887493243279,139805,43425,271586136,169396621
3,2025-03-25 10:27:07,DuckDuckGo.exe,0.6,5.322057779630926,139920,43439,271640488,169425461
3,2025-03-25 10:27:17,DuckDuckGo.exe,0.0,5.321790186736052,140086,43457,271830072,169450853
3,2025-03-25 10:27:27,DuckDuckGo.exe,1.2,5.320987408051432,140228,43474,271899552,169480029
3,2025-03-25 10:27:37,DuckDuckGo.exe,0.0,5.321327980826726,140394,43497,272145864,169509877
3,2025-03-25 10:27:47,DuckDuckGo.exe,0.3,5.319187237667738,140551,43514,272268440,169535157
3,2025-03-25 10:27:57,DuckDuckGo.exe,0.0,5.320257609247232,140688,43531,272337512,169564333
3,2025-03-25 10:28:07,DuckDuckGo.exe,0.6,5.320646835276139,140813,43548,272391984,169593509
3,2025-03-25 10:28:17,DuckDuckGo.exe,0.6,5.320062996232779,140992,43569,272637440,169619237
3,2025-03-25 10:28:27,DuckDuckGo.exe,0.3,5.319065604533705,141137,43595,272749944,169697229
3,2025-03-25 10:28:37,DuckDuckGo.exe,0.3,5.319625116950259,141282,43615,272878072,169726741
3,2025-03-25 10:28:47,DuckDuckGo.exe,0.9,5.319673770203872,141415,43627,272938752,169751461
3,2025-03-25 10:28:58,DuckDuckGo.exe,0.6,5.3200143429791655,141558,43644,273063432,169780637
3,2025-03-25 10:29:08,DuckDuckGo.exe,0.3,5.320135976113199,141684,43661,273122528,169809813
3,2025-03-25 10:29:18,DuckDuckGo.exe,0.3,5.30716988402524,141882,43685,273451472,169835877
3,2025-03-25 10:29:28,DuckDuckGo.exe,0.0,5.30833756211196,142041,43705,273674568,169865389
3,2025-03-25 10:29:38,DuckDuckGo.exe,0.6,5.304980487612639,142227,43734,274007032,169895909
3,2025-03-25 10:29:48,DuckDuckGo.exe,0.0,5.306780657996332,142374,43749,274152760,169920965
3,2025-03-25 10:29:58,DuckDuckGo.exe,0.6,5.307656416561373,142508,43763,274212528,169949805
3,2025-03-25 10:30:08,DuckDuckGo.exe,0.3,5.306488738474653,142658,43786,274338696,169979653
3,2025-03-25 10:30:18,DuckDuckGo.exe,1.2,5.306999597637593,142801,43801,274466640,170004709
3,2025-03-25 10:30:28,DuckDuckGo.exe,0.3,5.306829311249945,142939,43815,274530376,170033549
3,2025-03-25 10:30:38,DuckDuckGo.exe,0.0,5.307656416561373,143075,43835,274656088,170063061
3,2025-03-25 10:30:48,DuckDuckGo.exe,0.0,5.308167275724314,143225,43850,274775792,170088117
3,2025-03-25 10:30:58,DuckDuckGo.exe,0.3,5.306391431967426,143352,43864,274838472,170116957
3,2025-03-25 10:31:08,DuckDuckGo.exe,0.3,5.307072577518013,143465,43881,274901552,170146133
3,2025-03-25 10:31:18,DuckDuckGo.exe,0.0,5.307729396441793,143631,43899,275092592,170171525
3,2025-03-25 10:31:28,DuckDuckGo.exe,0.9,5.307559110054147,143764,43913,275152072,170200365
3,2025-03-25 10:31:38,DuckDuckGo.exe,0.9,5.307729396441793,143939,43939,275413096,170230549
3,2025-03-25 10:31:48,DuckDuckGo.exe,0.3,5.307875356202633,144093,43956,275534088,170255829
3,2025-03-25 10:31:58,DuckDuckGo.exe,0.0,5.291138636959639,144258,43976,275739688,170285341
3,2025-03-25 10:32:08,DuckDuckGo.exe,0.9,5.290384511528632,144395,43996,275802672,170314853
3,2025-03-25 10:32:18,DuckDuckGo.exe,0.3,5.2912845967204785,144537,44011,275930840,170339909
3,2025-03-25 10:32:29,DuckDuckGo.exe,0.6,5.28848703463771,144690,44028,276057656,170369085
3,2025-03-25 10:32:39,DuckDuckGo.exe,0.6,5.289314139949139,144845,44051,276193352,170398933
3,2025-03-25 10:32:49,DuckDuckGo.exe,0.6,5.290335858275019,144994,44066,276310312,170423989
3,2025-03-25 10:32:59,DuckDuckGo.exe,0.6,5.289776345858465,145122,44080,276370920,170452829
3,2025-03-25 10:33:09,DuckDuckGo.exe,0.9,5.290700757677119,145279,44100,276505032,170482341
3,2025-03-25 10:33:19,DuckDuckGo.exe,0.3,5.290944023945186,145412,44117,276624296,170511517
3,2025-03-25 10:33:29,DuckDuckGo.exe,0.3,5.291017003825605,145547,44129,276685712,170536237
3,2025-03-25 10:33:39,DuckDuckGo.exe,0.6,5.290262878394598,145735,44155,276981400,170566421
3,2025-03-25 10:33:49,DuckDuckGo.exe,0.6,5.289484426336784,145852,44169,277034288,170595261
3,2025-03-25 10:33:59,DuckDuckGo.exe,1.2,5.289533079590398,145985,44181,277097760,170619981
3,2025-03-25 10:34:09,DuckDuckGo.exe,0.6,5.289630386097625,146115,44198,277161544,170649157
3,2025-03-25 10:34:19,DuckDuckGo.exe,0.9,5.290165571887371,146329,44230,277555560,170680013
3,2025-03-25 10:34:29,DuckDuckGo.exe,0.3,5.289362793202751,146467,44245,277713728,170705069
3,2025-03-25 10:34:39,DuckDuckGo.exe,0.3,5.290968350571991,146678,44274,278140600,170735589
3,2025-03-25 10:34:49,DuckDuckGo.exe,0.0,5.289508752963592,146807,44291,278203152,170764765
3,2025-03-25 10:34:59,DuckDuckGo.exe,1.2,5.290189898514178,146971,44309,278412976,170790157
3,2025-03-25 10:35:09,DuckDuckGo.exe,0.9,5.290627777796699,147105,44323,278475624,170818997
3,2025-03-25 10:35:19,DuckDuckGo.exe,10.3,5.407833465751271,147484,44494,278634278,170909293
3,2025-03-25 10:35:29,DuckDuckGo.exe,2.5,5.339889197080221,150290,45724,279576330,173565913
3,2025-03-25 10:35:39,DuckDuckGo.exe,0.9,5.320549528768912,151649,46102,280350954,174107210
3,2025-03-25 10:35:49,DuckDuckGo.exe,1.2,5.319965689725552,152469,46345,280609606,174170090
3,2025-03-25 10:35:59,DuckDuckGo.exe,2.2,5.321182021065886,152499,46350,280669502,174170650
3,2025-03-25 10:36:09,DuckDuckGo.exe,0.3,5.320963081424625,152511,46353,280670958,174170986
3,2025-03-25 10:36:19,DuckDuckGo.exe,2.2,5.322009126377313,152560,46362,280808046,174171994
3,2025-03-25 10:36:30,DuckDuckGo.exe,2.5,5.319892709845131,154223,46848,281355206,174378167
3,2025-03-25 10:36:40,DuckDuckGo.exe,0.3,5.321084714558659,154260,46851,281423690,174378503
3,2025-03-25 10:36:50,DuckDuckGo.exe,0.6,5.320671161902945,154275,46854,281432626,174378839
3,2025-03-25 10:37:00,DuckDuckGo.exe,1.9,5.272990973361857,155169,47133,281777622,174456027
3,2025-03-25 10:37:10,DuckDuckGo.exe,1.6,5.27077725032245,155651,47292,282762040,174768532
3,2025-03-25 10:37:20,DuckDuckGo.exe,0.9,5.27019341127909,155797,47316,283455980,174771220
3,2025-03-25 10:37:30,DuckDuckGo.exe,0.3,5.270509657427576,155880,47331,283776952,174772900
3,2025-03-25 10:37:40,DuckDuckGo.exe,0.0,5.27070427044203,155935,47343,283912832,174774244
3,2025-03-25 10:37:50,DuckDuckGo.exe,0.3,5.269828511876988,156021,47358,284285864,174775924
3,2025-03-25 10:38:00,DuckDuckGo.exe,0.0,5.270120431398669,156067,47367,284445320,174776932
3,2025-03-25 10:38:10,DuckDuckGo.exe,0.3,5.269244672833628,156082,47370,284447000,174777268
3,2025-03-25 10:38:20,DuckDuckGo.exe,0.3,5.269536592355309,156137,47379,284642224,174778276
3,2025-03-25 10:38:30,DuckDuckGo.exe,0.0,5.269706878742956,156167,47385,284717776,174778948
3,2025-03-25 10:38:40,DuckDuckGo.exe,0.3,5.266301150990021,156170,47385,284718112,174778948
3,2025-03-25 10:38:50,DuckDuckGo.exe,0.0,5.264865880008427,156187,47388,284784952,174779284
3,2025-03-25 10:39:00,DuckDuckGo.exe,0.0,5.264938859888846,156242,47398,284928104,174780404
3,2025-03-25 10:39:10,DuckDuckGo.exe,0.3,5.2655713521858205,156354,47422,285291328,174783092
3,2025-03-25 10:39:20,DuckDuckGo.exe,0.3,5.267201236181868,156501,47447,285883832,174785892
3,2025-03-25 10:39:30,DuckDuckGo.exe,0.0,5.267882381732455,156588,47464,286268864,174787796
3,2025-03-25 10:39:40,DuckDuckGo.exe,0.3,5.268247281134554,156650,47474,286495040,174788916
3,2025-03-25 10:39:50,DuckDuckGo.exe,0.0,5.268417567522202,156653,47474,286495376,174788916
3,2025-03-25 10:40:00,DuckDuckGo.exe,0.6,5.268417567522202,156683,47480,286570704,174789588
3,2025-03-25 10:40:10,DuckDuckGo.exe,0.6,5.2686608337902685,156732,47489,286701824,174790596
3,2025-03-25 10:40:20,DuckDuckGo.exe,0.0,5.268879773431529,156751,47492,286767584,174790932
3,2025-03-25 10:40:31,DuckDuckGo.exe,0.6,5.268587853909849,156780,47498,286843024,174791604
3,2025-03-25 10:40:41,DuckDuckGo.exe,0.0,5.2688554468047215,156816,47504,286972800,174792276
3,2025-03-25 10:40:51,DuckDuckGo.exe,0.0,5.269025733192369,156818,47504,286973024,174792276
3,2025-03-25 10:41:01,DuckDuckGo.exe,0.6,5.269220346206822,156850,47510,287048688,174792948
3,2025-03-25 10:41:11,DuckDuckGo.exe,0.0,5.269414959221275,156870,47513,287115640,174793284
3,2025-03-25 10:41:21,DuckDuckGo.exe,0.0,5.265838945080694,156905,47519,287244120,174793956
3,2025-03-25 10:41:31,DuckDuckGo.exe,0.3,5.265838945080694,156937,47525,287319672,174794628
3,2025-03-25 10:41:41,DuckDuckGo.exe,12.5,5.281335006356548,159163,48693,288163024,178088682
3,2025-03-25 10:41:51,DuckDuckGo.exe,6.9,5.335340117867372,162510,50113,290920702,179743730
3,2025-03-25 10:42:01,DuckDuckGo.exe,0.6,5.2362577668837735,162607,50256,291092254,179775330
3,2025-03-25 10:42:11,DuckDuckGo.exe,2.5,5.236963239061168,162733,50303,291109054,179781934
3,2025-03-25 10:42:21,DuckDuckGo.exe,1.9,5.238301203535534,162783,50312,291243222,179782942
3,2025-03-25 10:42:31,DuckDuckGo.exe,2.2,5.239809454397549,162813,50325,291318662,179784398
3,2025-03-25 10:42:41,DuckDuckGo.exe,2.8,5.241658278034856,163709,50773,291697396,180327520
3,2025-03-25 10:42:51,DuckDuckGo.exe,2.2,5.240685212962589,164710,51228,292091504,180906234
3,2025-03-25 10:43:01,DuckDuckGo.exe,0.0,5.2381552437746945,164791,51270,292215456,180910938
3,2025-03-25 10:43:11,DuckDuckGo.exe,0.0,5.2381552437746945,164805,51271,292227240,180911050
3,2025-03-25 10:43:21,DuckDuckGo.exe,0.3,5.23723083195604,164841,51277,292355712,180911722
3,2025-03-25 10:43:31,DuckDuckGo.exe,0.0,5.237401118343687,164855,51280,292364536,180912058
3,2025-03-25 10:43:41,DuckDuckGo.exe,0.3,5.2379606307602415,164901,51288,292495216,180912954
3,2025-03-25 10:43:51,DuckDuckGo.exe,0.3,5.2360631538693205,164902,51288,292495328,180912954
3,2025-03-25 10:44:01,DuckDuckGo.exe,0.3,5.23613613374974,164934,51294,292566872,180913626
3,2025-03-25 10:44:11,DuckDuckGo.exe,0.0,5.235868540854867,164947,51297,292568328,180913962
3,2025-03-25 10:44:22,DuckDuckGo.exe,0.0,5.235990173988901,164968,51300,292634424,180914298
3,2025-03-25 10:44:32,DuckDuckGo.exe,0.0,5.23613613374974,164980,51303,292643024,180914634
3,2025-03-25 10:44:42,DuckDuckGo.exe,0.3,5.236695646166294,165047,51315,292918416,180915978
3,2025-03-25 10:44:52,DuckDuckGo.exe,0.0,5.2374497715973005,165100,51324,293175872,180916986
3,2025-03-25 10:45:02,DuckDuckGo.exe,0.0,5.237376791716881,165101,51324,293175984,180916986
3,2025-03-25 10:45:12,DuckDuckGo.exe,0.0,5.237644384611754,165117,51327,293185032,180917322
3,2025-03-25 10:45:22,DuckDuckGo.exe,0.3,5.238033610640661,165168,51336,293409160,180918330
3,2025-03-25 10:45:32,DuckDuckGo.exe,0.9,5.238325530162341,165168,51336,293409160,180918330
3,2025-03-25 10:45:42,DuckDuckGo.exe,0.9,5.239055328966542,165233,51359,293585560,180920906
3,2025-03-25 10:45:52,DuckDuckGo.exe,3.7,5.229494964631518,166276,51877,294566430,181058967
3,2025-03-25 10:46:02,DuckDuckGo.exe,0.0,5.229324678243871,166331,51899,294575776,181062522
3,2025-03-25 10:46:12,DuckDuckGo.exe,4.0,5.231149175254371,166770,52070,295526506,181081074
3,2025-03-25 10:46:22,DuckDuckGo.exe,4.7,5.244066614088718,171684,53815,306888995,185052867
3,2025-03-25 10:46:32,DuckDuckGo.exe,1.6,5.246353317008545,173117,54251,310511595,186124495
3,2025-03-25 11:02:31,DuckDuckGo.exe,0.0,5.102582952581079,174070,54625,313914951,186333047
3,2025-03-25 11:02:41,DuckDuckGo.exe,24.9,5.199597540286111,174758,54794,317142090,191807340
3,2025-03-25 11:02:51,DuckDuckGo.exe,0.6,5.20083819825325,174846,54809,317591022,191809020
3,2025-03-25 11:03:01,DuckDuckGo.exe,0.3,5.199183987630397,174964,54855,317665894,191813092
3,2025-03-25 11:03:11,DuckDuckGo.exe,3.4,5.220518439339853,175392,55032,320559196,191903813
3,2025-03-25 12:16:13,DuckDuckGo.exe,2.8,5.215969360127005,176020,55159,322639188,191918037
3,2025-03-25 12:16:23,DuckDuckGo.exe,3.1,5.213609677326756,176187,55190,323407556,191921509
3,2025-03-25 12:16:33,DuckDuckGo.exe,1.9,5.2130258382833965,176221,55195,323526092,191922069
3,2025-03-25 13:57:15,DuckDuckGo.exe,0.0,5.225602704342449,176288,55204,323730832,191923077
3,2025-03-25 13:57:26,DuckDuckGo.exe,3.1,5.2292760249902575,177021,55346,326071664,191938981
3,2025-03-25 13:57:36,DuckDuckGo.exe,0.9,5.2267947090559765,177248,55387,327030920,191943573
3,2025-03-25 13:57:46,DuckDuckGo.exe,2.2,5.227062301950849,177326,55400,327427272,191945029
3,2025-03-25 15:11:57,DuckDuckGo.exe,3.4,5.229835537406811,177776,55498,328794176,191956005
3,2025-03-25 15:12:07,DuckDuckGo.exe,1.2,5.225262131567155,178295,55617,329870160,191970717
3,2025-03-25 15:12:17,DuckDuckGo.exe,0.0,5.22764614099421,178544,55661,330973248,191975645
4,2025-05-03 13:15:23,DuckDuckGo.exe,0.3,4.792053561393838,113182,37326,279937199,101532840
4,2025-05-03 13:15:33,DuckDuckGo.exe,0.6,4.806260311448938,113447,37435,280239085,101547548
4,2025-05-03 13:15:43,DuckDuckGo.exe,2.2,4.797040519889207,114518,37657,283802086,101572385
4,2025-05-03 13:15:53,DuckDuckGo.exe,1.9,4.7951916962519,115582,37842,287660166,101593105
4,2025-05-03 13:16:03,DuckDuckGo.exe,1.2,4.794924103357026,116673,38099,290857712,101626635
4,2025-05-03 13:16:13,DuckDuckGo.exe,4.7,4.794510550701312,118087,38341,296070016,101653739
4,2025-05-03 13:16:23,DuckDuckGo.exe,1.6,4.790788576799891,119428,38721,300978432,102433339
4,2025-05-03 13:16:33,DuckDuckGo.exe,1.9,4.79064261703905,120716,38934,305576544,102457195
4,2025-05-03 13:16:43,DuckDuckGo.exe,1.6,4.791348089216444,122258,39198,311263872,102486763
4,2025-05-03 13:16:53,DuckDuckGo.exe,0.6,4.793245566107365,122888,39292,313390240,102497291
4,2025-05-03 13:17:03,DuckDuckGo.exe,1.6,4.791640008738125,123887,39463,316970016,102516443
4,2025-05-03 13:17:13,DuckDuckGo.exe,0.0,4.792175194527871,124075,39493,317742272,102519803
4,2025-05-03 13:17:23,DuckDuckGo.exe,1.2,4.793537485629045,124238,39520,318457240,102522827
4,2025-05-03 13:17:33,DuckDuckGo.exe,3.7,4.790520983905018,124826,39616,320748664,102543179
4,2025-05-03 13:17:43,DuckDuckGo.exe,1.6,4.793123932973332,125408,39702,322573008,102557611
4,2025-05-03 13:17:53,DuckDuckGo.exe,1.9,4.801394986087602,126198,39829,325647608,102571835
4,2025-05-03 13:18:04,DuckDuckGo.exe,1.6,4.797916278454247,127229,40045,329116345,102596000
4,2025-05-03 13:18:14,DuckDuckGo.exe,1.2,4.753179611756766,128713,40303,334492809,102624896
4,2025-05-03 13:18:24,DuckDuckGo.exe,1.2,4.752839038981473,129115,40458,335246691,102647002
4,2025-05-03 13:18:34,DuckDuckGo.exe,0.3,4.75264442596702,129235,40479,335723483,102649354
4,2025-05-03 13:18:44,DuckDuckGo.exe,0.0,4.75264442596702,129298,40491,336000331,102650698
4,2025-05-03 13:18:54,DuckDuckGo.exe,1.9,4.80470340733331,129559,40613,336048404,102666793
4,2025-05-03 13:19:04,DuckDuckGo.exe,26.5,4.864133356622024,132919,42359,338752454,105132927
4,2025-05-03 13:19:14,DuckDuckGo.exe,1.9,4.855327117718007,135130,43332,342385751,107781776
4,2025-05-03 13:19:24,DuckDuckGo.exe,0.0,4.853964826616833,135316,43399,342528263,107790080
4,2025-05-03 13:19:34,DuckDuckGo.exe,1.2,4.854767605301453,135746,43603,342758052,107830668
4,2025-05-03 13:19:44,DuckDuckGo.exe,0.3,4.856251529536661,136101,43663,344175420,107837388
4,2025-05-03 13:19:54,DuckDuckGo.exe,0.3,4.853356660946666,136699,43885,344577265,107881249
4,2025-05-03 13:20:04,DuckDuckGo.exe,0.0,4.853040414798179,136892,43894,344812505,107882257
4,2025-05-03 13:20:14,DuckDuckGo.exe,6.2,4.8535999272147325,137452,44142,345479618,107942734
4,2025-05-03 13:20:24,DuckDuckGo.exe,5.3,4.854256746138512,139100,44910,346082805,108071084
4,2025-05-03 13:20:34,DuckDuckGo.exe,0.0,4.8560325898954,139312,44925,346689165,108082364
4,2025-05-03 13:20:44,DuckDuckGo.exe,5.9,4.858854478604975,139905,45196,346999332,108136773
4,2025-05-03 13:20:54,DuckDuckGo.exe,9.0,4.863549517578663,140802,45649,347465641,108239129
4,2025-05-03 13:21:04,DuckDuckGo.exe,4.4,4.856616428938761,141318,45840,348934329,108284170
4,2025-05-03 13:21:14,DuckDuckGo.exe,0.3,4.85595961001498,141483,45867,349583193,108294610
4,2025-05-03 13:21:24,DuckDuckGo.exe,0.3,4.856251529536661,141626,45885,349965209,108301426
4,2025-05-03 13:21:34,DuckDuckGo.exe,0.0,4.8569813283408605,141873,45906,350371745,108303778
4,2025-05-03 13:21:45,DuckDuckGo.exe,0.3,4.857224594608928,142050,45909,350436297,108304114
4,2025-05-03 13:21:55,DuckDuckGo.exe,0.0,4.857662473891447,142135,45918,350597985,108312330
4,2025-05-03 13:22:05,DuckDuckGo.exe,0.3,4.858294966188422,142231,45930,350764025,108313674
4,2025-05-03 13:22:15,DuckDuckGo.exe,4.1,4.856154223029434,142878,46237,351148625,108369314
4,2025-05-03 13:22:25,DuckDuckGo.exe,0.6,4.8620655933434564,143086,46270,353217305,108373010
4,2025-05-03 13:22:35,DuckDuckGo.exe,1.2,4.856762388699601,143815,46431,355553554,108391015
4,2025-05-03 13:22:45,DuckDuckGo.exe,1.2,4.854864911808679,144453,46615,357148324,108416369
4,2025-05-03 13:22:55,DuckDuckGo.exe,0.0,4.85501087156952,144470,46618,357210668,108416705
4,2025-05-03 13:23:05,DuckDuckGo.exe,2.2,4.859754563796822,145256,46803,359527841,108440415
4,2025-05-03 13:23:15,DuckDuckGo.exe,0.6,4.846910104842896,145679,46931,360425386,108457781
4,2025-05-03 13:23:25,DuckDuckGo.exe,2.5,4.848734601853398,146478,47249,361388282,108493253
4,2025-05-03 13:23:35,DuckDuckGo.exe,0.9,4.84936709415037,146582,47267,361875266,108504869
4,2025-05-03 13:23:45,DuckDuckGo.exe,1.2,4.714573255014569,146867,47315,362982706,108510245
4,2025-05-03 13:23:55,DuckDuckGo.exe,2.2,4.716154485757004,147400,47511,363702128,108538225
4,2025-05-03 13:24:05,DuckDuckGo.exe,1.2,4.714694888148602,147813,47661,364338789,108554962
4,2025-05-03 13:24:15,DuckDuckGo.exe,25.5,4.909478188989672,148940,48439,365784928,111709483
4,2025-05-03 13:24:25,DuckDuckGo.exe,6.9,4.857394880996575,151838,50018,367119071,113064967
4,2025-05-03 13:24:35,DuckDuckGo.exe,1.6,4.850437465729864,152003,50083,367139023,113080039
4,2025-05-03 13:24:45,DuckDuckGo.exe,4.4,4.841339307304167,152333,50281,367299101,113131213
4,2025-05-03 13:24:55,DuckDuckGo.exe,4.7,4.834503525171491,153835,50959,367806572,113206816
4,2025-05-03 13:25:05,DuckDuckGo.exe,1.9,4.8351603440952715,154787,51189,370562534,113232522
4,2025-05-03 13:25:15,DuckDuckGo.exe,10.3,4.83267902816099,157769,52380,373380322,113365374
4,2025-05-03 13:25:25,DuckDuckGo.exe,6.2,4.833238540577543,160790,53758,374319342,113519026
4,2025-05-03 13:25:35,DuckDuckGo.exe,5.3,4.832289802132083,162130,54361,374811689,113586265
4,2025-05-03 13:25:45,DuckDuckGo.exe,4.7,4.831414043567042,163802,55099,375657265,113673361
4,2025-05-03 13:25:56,DuckDuckGo.exe,1.2,4.833579113352837,164100,55147,376805321,113678737
4,2025-05-03 13:26:06,DuckDuckGo.exe,3.1,4.832533068400149,165277,55533,379101073,113726625
4,2025-05-03 13:26:16,DuckDuckGo.exe,0.0,4.83282498792183,165430,55560,379709353,113729649
4,2025-05-03 13:26:26,DuckDuckGo.exe,0.0,4.833579113352837,165479,55569,379935361,113730657
4,2025-05-03 13:26:36,DuckDuckGo.exe,0.6,4.8331655606971236,165541,55578,380159257,113741265
4,2025-05-03 13:26:46,DuckDuckGo.exe,0.3,4.834406218664264,165590,55587,380420273,113742273
4,2025-05-03 13:26:56,DuckDuckGo.exe,0.6,4.834819771319977,165627,55593,380594425,113742945
4,2025-05-03 13:27:06,DuckDuckGo.exe,0.0,4.830805877896876,165708,55610,380845313,113744849
4,2025-05-03 13:27:16,DuckDuckGo.exe,0.9,4.8313653903134295,165975,55714,381221870,113759489
4,2025-05-03 13:27:26,DuckDuckGo.exe,2.5,4.83311690744351,166530,55896,382213512,113782878
4,2025-05-03 13:27:36,DuckDuckGo.exe,0.6,4.831511350074269,167053,56057,383453522,113805656
4,2025-05-03 13:27:46,DuckDuckGo.exe,1.6,4.834114299142583,167719,56268,384148072,113835396
4,2025-05-03 13:27:56,DuckDuckGo.exe,0.0,4.831778942969143,167735,56271,384204584,113835732
4,2025-05-03 13:28:06,DuckDuckGo.exe,0.0,4.831170777298976,167817,56298,384594752,113898516
4,2025-05-03 13:28:16,DuckDuckGo.exe,2.2,4.775170882390004,168428,56541,385282604,113925624
4,2025-05-03 13:28:26,DuckDuckGo.exe,0.0,4.783758181652761,168497,56555,385605484,116056065
4,2025-05-03 13:28:36,DuckDuckGo.exe,2.2,4.7877964017026695,169000,56771,385805690,116104820
4,2025-05-03 13:28:46,DuckDuckGo.exe,0.3,4.783125689355787,169142,56771,385821594,116104820
4,2025-05-03 13:28:56,DuckDuckGo.exe,0.3,4.780936292943186,169325,56774,385902666,116105156
4,2025-05-03 13:29:06,DuckDuckGo.exe,0.3,4.782347237297974,169608,56792,386415834,116111972
4,2025-05-03 13:29:16,DuckDuckGo.exe,0.0,4.7820796444031,169802,56805,386543050,116113428
4,2025-05-03 13:29:26,DuckDuckGo.exe,2.2,4.78772342182225,170858,57315,388069144,116265303
4,2025-05-03 13:29:36,DuckDuckGo.exe,7.2,4.805798105539611,174705,58997,393004444,119545794
4,2025-05-03 13:29:46,DuckDuckGo.exe,0.6,4.801443639341215,174879,59062,393418908,119553074
4,2025-05-03 13:29:57,DuckDuckGo.exe,0.3,4.801273352953569,175016,59121,393657516,119559882
4,2025-05-03 13:30:07,DuckDuckGo.exe,0.0,4.801735558862895,175147,59169,393883002,119565216
4,2025-05-03 13:30:17,DuckDuckGo.exe,1.2,4.805214266496251,175271,59196,394365589,119568219
4,2025-05-03 13:30:27,DuckDuckGo.exe,4.4,4.802465357667096,175700,59343,394741264,120242296
4,2025-05-03 13:30:37,DuckDuckGo.exe,0.9,4.81114996343708,176112,59479,396605329,120260606
4,2025-05-03 13:30:47,DuckDuckGo.exe,1.2,4.813679932624974,176321,59512,398621441,120264302
4,2025-05-03 13:30:57,DuckDuckGo.exe,0.3,4.813825892385815,176352,59518,398729297,120264974
4,2025-05-03 13:31:07,DuckDuckGo.exe,1.6,4.813801565759008,176423,59532,398971065,120266542
4,2025-05-03 13:31:17,DuckDuckGo.exe,0.3,4.812293314896994,176523,59555,399222385,120269118
4,2025-05-03 13:31:27,DuckDuckGo.exe,2.2,4.802392377786676,177303,59690,402174921,120284238
4,2025-05-03 13:31:37,DuckDuckGo.exe,0.0,4.803438422739363,177397,59708,402650649,120286254
4,2025-05-03 13:31:47,DuckDuckGo.exe,0.0,4.80411956828995,177415,59711,402750713,120286590
4,2025-05-03 13:31:57,DuckDuckGo.exe,0.0,4.804557447572471,177471,59720,403017033,120287598
4,2025-05-03 13:32:07,DuckDuckGo.exe,0.9,4.804557447572471,177506,59726,403216945,120288270
4,2025-05-03 13:32:17,DuckDuckGo.exe,0.0,4.805871085420031,177720,59759,404038097,120291966
4,2025-05-03 13:32:27,DuckDuckGo.exe,0.3,4.799375876062648,177936,59859,404210718,120311142
4,2025-05-03 13:32:37,DuckDuckGo.exe,0.3,4.800178654747269,177972,59865,404391262,120316614
4,2025-05-03 13:32:47,DuckDuckGo.exe,0.6,4.800981433431888,178008,59871,404590742,120317286
4,2025-05-03 13:32:57,DuckDuckGo.exe,0.0,4.800008368359621,178287,59986,405080815,120333246
4,2025-05-03 13:33:07,DuckDuckGo.exe,0.9,4.801394986087602,178425,60009,405650287,120335822
4,2025-05-03 13:33:17,DuckDuckGo.exe,0.3,4.782712136700074,178736,60061,406793983,120346446
4,2025-05-03 13:33:27,DuckDuckGo.exe,0.0,4.784317694069315,178898,60088,407447863,120349470
4,2025-05-03 13:33:37,DuckDuckGo.exe,0.0,4.780936292943186,178932,60094,407653551,120350142
4,2025-05-03 13:33:48,DuckDuckGo.exe,0.0,4.781252539091673,178969,60100,407852759,120350814
4,2025-05-03 13:33:58,DuckDuckGo.exe,0.3,4.782541850312427,179509,60190,409852823,120360894
4,2025-05-03 13:34:08,DuckDuckGo.exe,0.6,4.783247322489821,179561,60199,410134879,120361902
4,2025-05-03 13:34:18,DuckDuckGo.exe,2.8,4.780936292943186,180069,60413,410501081,120389062
4,2025-05-03 13:34:28,DuckDuckGo.exe,4.4,4.779501021961592,180716,60749,410731362,120433028
4,2025-05-03 13:34:38,DuckDuckGo.exe,1.6,4.7809119663163795,181115,60859,411925448,120458037
4,2025-05-03 13:34:48,DuckDuckGo.exe,1.9,4.780936292943186,181596,61067,412167128,120487094
4,2025-05-03 13:34:58,DuckDuckGo.exe,5.0,4.799886735225588,183459,62095,413203963,122663505
4,2025-05-03 13:35:08,DuckDuckGo.exe,8.4,4.786263824213849,184885,62790,414016092,123043989
4,2025-05-03 13:35:18,DuckDuckGo.exe,6.6,4.783490588757887,185784,63179,415062411,123139365
4,2025-05-03 13:35:28,DuckDuckGo.exe,1.6,4.781982337895873,186023,63274,415288752,123157979
4,2025-05-03 13:35:38,DuckDuckGo.exe,1.2,4.781714745001,186450,63467,415805363,123190660
4,2025-05-03 13:35:48,DuckDuckGo.exe,0.6,4.79056963715863,187335,63874,416715199,123281542
4,2025-05-03 13:35:58,DuckDuckGo.exe,1.2,4.785485372156035,187633,64003,416839556,123295927
4,2025-05-03 13:36:08,DuckDuckGo.exe,2.5,4.785169126007548,187935,64123,417423121,123312543
4,2025-05-03 13:36:18,DuckDuckGo.exe,0.0,4.786458437228302,188581,64415,418022349,123378119
4,2025-05-03 13:36:28,DuckDuckGo.exe,1.6,4.7859962313189754,189556,64853,418734734,123463160
4,2025-05-03 13:36:38,DuckDuckGo.exe,1.2,4.785971904692168,190002,65037,419146812,123490022
4,2025-05-03 13:36:48,DuckDuckGo.exe,0.6,4.786458437228302,190125,65055,419674468,123492038
4,2025-05-03 13:36:58,DuckDuckGo.exe,0.9,4.785534025409648,190452,65162,420299321,123507198
4,2025-05-03 13:37:08,DuckDuckGo.exe,11.8,4.786434110601495,191581,65683,421297324,123612125
4,2025-05-03 13:37:18,DuckDuckGo.exe,0.9,4.787674768568636,191942,65811,422160957,123629541
4,2025-05-03 13:37:28,DuckDuckGo.exe,0.0,4.789742531847203,192119,65841,423002805,123632901
4,2025-05-03 13:37:38,DuckDuckGo.exe,0.0,4.785290759141581,192374,65883,424214197,123642405
4,2025-05-03 13:37:49,DuckDuckGo.exe,4.0,4.8092281599193525,193679,66413,425759281,125845776
4,2025-05-03 13:37:59,DuckDuckGo.exe,0.0,4.787285542539729,193846,66440,426483153,125848800
4,2025-05-03 13:38:09,DuckDuckGo.exe,1.6,4.786166517706622,194059,66481,427476249,125853392
4,2025-05-03 13:38:19,DuckDuckGo.exe,0.0,4.734399455862012,194248,66511,428200329,125856752
4,2025-05-03 13:38:29,DuckDuckGo.exe,2.2,4.7349589682785655,194840,66733,428856055,125911387
4,2025-05-03 13:38:39,DuckDuckGo.exe,0.3,4.728342125787148,195048,66745,429173031,125917531
4,2025-05-03 13:38:49,DuckDuckGo.exe,1.2,4.7273690607148815,195209,66745,429191063,125917531
4,2025-05-03 13:38:59,DuckDuckGo.exe,0.3,4.727320407461268,195331,66745,429204727,125917531
4,2025-05-03 13:39:09,DuckDuckGo.exe,0.6,4.727004161312782,195511,66748,429323439,125917867
4,2025-05-03 13:39:19,DuckDuckGo.exe,0.3,4.728804331696476,195775,66780,429912615,125933579
4,2025-05-03 13:39:29,DuckDuckGo.exe,0.0,4.729096251218156,195792,66783,430025279,125933915
4,2025-05-03 13:39:39,DuckDuckGo.exe,0.0,4.729120577844963,195915,66828,430258365,125938913
4,2025-05-03 13:39:49,DuckDuckGo.exe,8.1,4.73031258255849,196735,67279,430887658,126040399
4,2025-05-03 13:39:59,DuckDuckGo.exe,0.3,4.726493302149842,196868,67300,431505090,126042751
4,2025-05-03 13:40:09,DuckDuckGo.exe,0.0,4.726639261910681,196918,67319,431771346,126044879
4,2025-05-03 13:40:19,DuckDuckGo.exe,0.6,4.729242210978996,197324,67390,433331058,126052831
4,2025-05-03 13:40:29,DuckDuckGo.exe,2.8,4.729923356529583,198581,67604,437983994,126076799
4,2025-05-03 13:40:39,DuckDuckGo.exe,1.6,4.729826050022356,199747,67807,442388274,126099535
4,2025-05-03 13:40:49,DuckDuckGo.exe,0.0,4.729193557725383,199762,67810,442444994,126099871
4,2025-05-03 13:40:59,DuckDuckGo.exe,0.3,4.729509803873869,199860,67819,442697066,126100879
4,2025-05-03 13:41:09,DuckDuckGo.exe,3.4,4.726420322269422,201701,68110,449883578,126133471
4,2025-05-03 13:41:19,DuckDuckGo.exe,6.2,4.72972874351513,203829,68455,458162010,126172111
4,2025-05-03 13:41:29,DuckDuckGo.exe,8.8,4.729509803873869,205428,68729,464377426,126239471
4,2025-05-03 13:41:39,DuckDuckGo.exe,3.8,4.726614935283875,207333,69035,471793442,126278543
4,2025-05-03 13:41:49,DuckDuckGo.exe,3.7,4.728317799160342,209170,69336,478976338,126312255
4,2025-05-03 13:42:00,DuckDuckGo.exe,4.7,4.72444986549808,210889,69612,485761474,126343167
4,2025-05-03 13:42:10,DuckDuckGo.exe,0.3,4.727563673729335,211674,69732,488749674,126356607
4,2025-05-03 13:42:20,DuckDuckGo.exe,4.1,4.760258660157509,212225,69972,489005693,126408146
4,2025-05-03 13:42:30,DuckDuckGo.exe,0.0,4.749263024840892,212417,69977,489142917,126416138
4,2025-05-03 13:42:40,DuckDuckGo.exe,0.3,4.7506982958224855,212528,69993,489562533,126417930
4,2025-05-03 13:42:50,DuckDuckGo.exe,1.9,4.753033651995927,213543,70236,492607804,126447862
4,2025-05-03 13:43:00,DuckDuckGo.exe,4.7,4.748800818931565,215353,70526,499689612,126480342
4,2025-05-03 13:43:10,DuckDuckGo.exe,4.4,4.750382049673999,217053,70804,506502900,126511478
4,2025-05-03 13:43:20,DuckDuckGo.exe,2.2,4.378598212187542,218844,71096,513496492,126544182
4,2025-05-03 13:43:30,DuckDuckGo.exe,0.3,4.37825763941225,219232,71193,513780301,126557756
4,2025-05-03 13:43:40,DuckDuckGo.exe,0.6,4.378792825201996,219433,71201,513918693,126566308
4,2025-05-03 13:43:50,DuckDuckGo.exe,0.0,4.3737328868262075,219527,71214,514130693,126567764
4,2025-05-03 13:44:00,DuckDuckGo.exe,1.6,4.374146439481921,219865,71348,514454196,126585490
4,2025-05-03 13:44:10,DuckDuckGo.exe,0.9,4.375143831180994,220001,71372,515068380,126588178
4,2025-05-03 13:44:20,DuckDuckGo.exe,1.6,4.3766277554162025,220386,71435,516429788,126595234
4,2025-05-03 13:44:30,DuckDuckGo.exe,23.4,4.570705584079877,221865,72288,517215912,128916907
4,2025-05-03 13:44:40,DuckDuckGo.exe,7.2,4.421656341635362,225008,73574,519442666,129651414
4,2025-05-03 13:44:50,DuckDuckGo.exe,0.6,4.42357814515309,226093,73788,523458302,129712112
4,2025-05-03 13:45:00,DuckDuckGo.exe,0.9,4.421169809099229,226872,74084,524293582,129745648
4,2025-05-03 13:45:10,DuckDuckGo.exe,3.4,4.419248005581501,228236,74480,526970918,129792672
4,2025-05-03 13:45:20,DuckDuckGo.exe,0.0,4.419150699074274,228742,74655,527986550,129812464
4,2025-05-03 13:45:30,DuckDuckGo.exe,5.9,4.479529386808449,230363,75204,540796359,129890638
4,2025-05-03 13:45:41,DuckDuckGo.exe,2.8,4.423602471779897,231386,75553,542018615,129930110
4,2025-05-03 13:45:51,DuckDuckGo.exe,1.9,4.423748431540737,232146,75806,544163899,129958734
4,2025-05-03 13:46:01,DuckDuckGo.exe,3.4,4.42423496407687,232889,76085,544950681,129990318
4,2025-05-03 13:46:11,DuckDuckGo.exe,1.6,4.424259290703677,234072,76529,545960775,130040574
4,2025-05-03 13:46:21,DuckDuckGo.exe,2.5,4.4549838203605105,235257,76934,550483849,130086366
4,2025-05-03 13:46:31,DuckDuckGo.exe,0.0,4.455178433374964,235422,76953,551157433,130088494
4,2025-05-03 13:46:41,DuckDuckGo.exe,1.6,4.456662357610171,235681,77054,551240740,130102728
4,2025-05-03 13:46:51,DuckDuckGo.exe,0.6,4.448926490285649,236014,77113,551703688,130116808
4,2025-05-03 13:47:01,DuckDuckGo.exe,2.2,4.448975143539261,236256,77235,551812818,130131369
4,2025-05-03 13:47:11,DuckDuckGo.exe,4.1,4.447831792079348,237579,77693,553568389,130183217
4,2025-05-03 13:47:21,DuckDuckGo.exe,2.8,4.448585917510354,238559,77916,556288927,130208433
4,2025-05-03 13:47:31,DuckDuckGo.exe,0.0,4.448221018108255,238571,77919,556290271,130208769
4,2025-05-03 13:47:41,DuckDuckGo.exe,0.0,4.448221018108255,238571,77919,556290271,130208769
4,2025-05-03 13:47:51,DuckDuckGo.exe,0.6,4.453134996723204,238952,77940,557244937,130212377
4,2025-05-03 13:48:01,DuckDuckGo.exe,0.9,4.452867403828329,239605,78176,558245645,130239097
4,2025-05-03 13:48:11,DuckDuckGo.exe,0.9,4.4528917304551365,240000,78213,559334677,130243241
4,2025-05-03 13:48:21,DuckDuckGo.exe,1.2,4.426935219652411,240494,78307,560769153,130253865
4,2025-05-03 13:48:31,DuckDuckGo.exe,0.9,4.423748431540737,241321,78624,561399353,130289753
4,2025-05-03 13:48:41,DuckDuckGo.exe,0.9,4.4237727581675435,241816,78787,562297441,130308201
4,2025-05-03 13:48:51,DuckDuckGo.exe,0.0,4.449948208611529,242309,78923,568801701,130324225
4,2025-05-03 13:49:01,DuckDuckGo.exe,0.3,4.449923881984722,242777,78947,570157293,130326913
4,2025-05-03 13:49:11,DuckDuckGo.exe,1.2,4.421364422113682,243309,79130,570944165,130347601
4,2025-05-03 13:49:21,DuckDuckGo.exe,0.9,4.454935167106897,243749,79195,576486365,130354881
4,2025-05-03 13:49:32,DuckDuckGo.exe,0.3,4.455835252298745,244014,79223,577418397,130358017
4,2025-05-03 13:49:42,DuckDuckGo.exe,1.2,4.456783990744205,244672,79467,578078337,130385633
4,2025-05-03 13:49:52,DuckDuckGo.exe,0.6,4.434111574560381,245133,79594,579146535,130400001
4,2025-05-03 13:50:02,DuckDuckGo.exe,2.2,4.434160227813995,245858,79883,579813644,130432410
4,2025-05-03 13:50:12,DuckDuckGo.exe,0.0,4.426545993623505,246151,80012,580389715,130630561
4,2025-05-03 13:50:22,DuckDuckGo.exe,1.2,4.425353988909977,247285,80461,581244883,130681425
4,2025-05-03 13:50:32,DuckDuckGo.exe,3.4,4.424940436254264,248374,80902,581826235,130731393
4,2025-05-03 13:50:42,DuckDuckGo.exe,1.2,4.42503774276149,248966,81121,582627767,130756209
4,2025-05-03 13:50:52,DuckDuckGo.exe,3.4,4.452453851172616,249719,81393,589370339,130790017
4,2025-05-03 13:51:02,DuckDuckGo.exe,1.9,4.453597202632531,250508,81690,590378251,130823665
4,2025-05-03 13:51:12,DuckDuckGo.exe,0.3,4.4549838203605105,250725,81742,590557333,130829537
4,2025-05-03 13:51:22,DuckDuckGo.exe,2.5,4.479091507525928,251425,81988,591500673,130857377
4,2025-05-03 13:51:32,DuckDuckGo.exe,0.0,4.478775261377442,252150,82236,592339069,130885441
4,2025-05-03 13:51:42,DuckDuckGo.exe,0.6,4.478386035348534,252443,82239,592983877,130885777
4,2025-05-03 13:51:52,DuckDuckGo.exe,0.3,4.488043706190785,253064,82286,596529813,130891737
4,2025-05-03 13:52:02,DuckDuckGo.exe,0.9,4.488919464755827,253660,82297,598962701,130892969
4,2025-05-03 13:52:12,DuckDuckGo.exe,1.6,4.488627545234146,254425,82375,601927009,130901801
4,2025-05-03 13:52:22,DuckDuckGo.exe,1.2,4.491035881288007,255045,82541,603240735,130920537
4,2025-05-03 13:52:32,DuckDuckGo.exe,0.6,4.4753208803708935,256259,82980,604496429,130970233
4,2025-05-03 13:52:42,DuckDuckGo.exe,0.3,4.478142769080469,256860,83126,611932473,130989553
4,2025-05-03 13:52:52,DuckDuckGo.exe,0.3,4.4792131406599625,257025,83140,612556849,130991121
4,2025-05-03 13:53:02,DuckDuckGo.exe,4.7,4.477169704008201,258237,83612,613483825,131044561
4,2025-05-03 13:53:12,DuckDuckGo.exe,1.6,4.478045462573242,258907,83851,614100504,131071593
4,2025-05-03 13:53:22,DuckDuckGo.exe,3.4,4.36507260768303,260033,84170,615480928,131107705
4,2025-05-03 13:53:32,DuckDuckGo.exe,1.6,4.374292399242761,260353,84263,617407796,131118217
4,2025-05-03 13:53:43,DuckDuckGo.exe,2.2,4.368891888091678,260938,84426,618527484,131136665
4,2025-05-03 13:53:53,DuckDuckGo.exe,3.7,4.368721601704031,262554,84850,622308464,131184633
4,2025-05-03 13:54:03,DuckDuckGo.exe,0.0,4.368575641943191,262564,84853,622309584,131184969
4,2025-05-03 13:54:13,DuckDuckGo.exe,0.3,4.368843234838065,262797,84951,622384521,131196065
4,2025-05-03 13:54:23,DuckDuckGo.exe,0.6,4.3699379330443655,263517,85251,622764996,131230025
4,2025-05-03 13:54:33,DuckDuckGo.exe,0.9,4.368697275077225,264173,85491,623227560,131257193
4,2025-05-03 13:54:43,DuckDuckGo.exe,0.9,4.369427073881425,264320,85535,623537018,131262169
4,2025-05-03 13:54:53,DuckDuckGo.exe,4.4,4.377722453622503,267023,86653,628706482,131389513
4,2025-05-03 13:55:03,DuckDuckGo.exe,5.3,4.3680404561534445,268231,87149,629343455,131445665
4,2025-05-03 13:55:13,DuckDuckGo.exe,4.7,4.368843234838065,269996,87862,630176243,131526385
4,2025-05-03 13:55:23,DuckDuckGo.exe,1.9,4.368916214718485,271659,88502,631335918,131598809
4,2025-05-03 13:55:33,DuckDuckGo.exe,3.1,4.369694666776298,272520,88828,631728486,131635705
4,2025-05-03 13:55:43,DuckDuckGo.exe,3.1,4.368697275077225,273724,89309,632446822,131690153
4,2025-05-03 13:55:53,DuckDuckGo.exe,0.9,4.369086501106131,274176,89475,632803070,131708937
4,2025-05-03 13:56:03,DuckDuckGo.exe,3.8,4.368697275077225,275011,89799,633431254,131745609
4,2025-05-03 13:56:13,DuckDuckGo.exe,0.3,4.368599968569998,276100,90248,633862273,131796449
4,2025-05-03 13:56:23,DuckDuckGo.exe,3.1,4.3865773457801325,277361,90747,638232273,131852913
4,2025-05-03 13:56:33,DuckDuckGo.exe,2.8,4.369573033642266,279053,91407,639060711,131927553
4,2025-05-03 13:56:43,DuckDuckGo.exe,6.9,4.379182051230903,280100,91792,641583671,131971841
4,2025-05-03 13:56:53,DuckDuckGo.exe,2.2,4.368672948450418,280965,92096,642189703,132006273
4,2025-05-03 13:57:03,DuckDuckGo.exe,1.2,4.368624295196804,281484,92297,642538521,132029025
4,2025-05-03 13:57:13,DuckDuckGo.exe,0.6,4.368575641943191,282530,92694,643200365,132073969
4,2025-05-03 13:57:24,DuckDuckGo.exe,0.0,4.369183807613358,282774,92777,643454825,132083361
4,2025-05-03 13:57:34,DuckDuckGo.exe,0.0,4.368843234838065,283228,92952,643601097,132103153
4,2025-05-03 13:57:44,DuckDuckGo.exe,3.4,4.36514558756345,284804,93593,644104777,132175713
4,2025-05-03 13:57:54,DuckDuckGo.exe,0.3,4.365559140219164,285273,93764,644467009,132195057
4,2025-05-03 13:58:04,DuckDuckGo.exe,0.0,4.36536452720471,285366,93777,644570233,132196513
4,2025-05-03 13:58:14,DuckDuckGo.exe,0.0,4.365826733114036,285659,93783,645506609,132197185
4,2025-05-03 13:58:24,DuckDuckGo.exe,1.6,4.2911683154443425,286203,93903,649164901,132210721
4,2025-05-03 13:58:34,DuckDuckGo.exe,1.6,4.2916791746072835,286617,93986,649694569,132220113
4,2025-05-03 13:58:44,DuckDuckGo.exe,0.9,4.27895634878739,287584,94318,653386892,132257657
4,2025-05-03 13:58:54,DuckDuckGo.exe,3.8,4.279126635175038,288688,94739,654200565,132305313
4,2025-05-03 13:59:04,DuckDuckGo.exe,3.7,4.278737409146131,289498,95059,654509685,132341537
4,2025-05-03 13:59:14,DuckDuckGo.exe,2.8,4.279272594935877,290446,95426,655058767,132383073
4,2025-05-03 13:59:24,DuckDuckGo.exe,5.3,4.279394228069911,291949,96021,655660304,132450409
4,2025-05-03 13:59:34,DuckDuckGo.exe,4.0,4.278786062399744,293087,96431,658946767,132496785
4,2025-05-03 13:59:44,DuckDuckGo.exe,0.0,4.278567122758484,293225,96474,659130697,132501649
4,2025-05-03 13:59:54,DuckDuckGo.exe,0.3,4.2786157760120975,293226,96474,659130809,132501649
4,2025-05-03 14:00:04,DuckDuckGo.exe,0.0,4.282605342808393,293253,96479,659173469,132509921
4,2025-05-03 14:00:14,DuckDuckGo.exe,0.0,4.280075373620497,293357,96482,659210533,132510257
4,2025-05-03 14:00:24,DuckDuckGo.exe,0.6,4.280951132185538,293670,96583,659768393,132521665
4,2025-05-03 14:00:34,DuckDuckGo.exe,0.6,4.281340358214445,293755,96586,660079433,132522001
4,2025-05-03 14:00:44,DuckDuckGo.exe,3.1,4.280951132185538,294655,96936,660554571,132561633
4,2025-05-03 14:00:54,DuckDuckGo.exe,0.0,4.280537579529824,294944,97045,660775057,132573985
4,2025-05-03 14:01:04,DuckDuckGo.exe,0.3,4.280634886037051,295052,97061,661012321,132575777
4,2025-05-03 14:01:14,DuckDuckGo.exe,0.3,4.2808051724246985,295091,97064,661151809,132576113
4,2025-05-03 14:01:25,DuckDuckGo.exe,2.5,4.280732192544278,295645,97275,662019827,132599985
4,2025-05-03 14:01:35,DuckDuckGo.exe,0.3,4.280391619768984,296386,97572,662382651,132633633
4,2025-05-03 14:01:45,DuckDuckGo.exe,0.3,4.280780845797891,297015,97827,662671857,132662529
4,2025-05-03 14:01:55,DuckDuckGo.exe,0.3,4.281316031587639,297361,97843,663522873,132664321
4,2025-05-03 14:02:05,DuckDuckGo.exe,4.7,4.280659212663858,298405,98193,666399657,132703905
4,2025-05-03 14:02:15,DuckDuckGo.exe,2.2,4.280561906156631,299391,98544,669181041,132743601
4,2025-05-03 14:02:25,DuckDuckGo.exe,1.6,4.280561906156631,300514,98963,670588085,132791009
4,2025-05-03 14:02:35,DuckDuckGo.exe,0.6,4.283116201971333,301192,99217,671404033,132819745
4,2025-05-03 14:02:45,DuckDuckGo.exe,1.2,4.288492386495609,301729,99398,673023593,132840209
4,2025-05-03 14:02:55,DuckDuckGo.exe,2.2,4.280221333381338,303000,99914,673541747,132898625
4,2025-05-03 14:03:05,DuckDuckGo.exe,3.1,4.287519321423342,303757,100183,675364303,132929041
4,2025-05-03 14:03:15,DuckDuckGo.exe,1.6,4.280756519171085,304712,100551,677371585,132970689
4,2025-05-03 14:03:25,DuckDuckGo.exe,1.6,4.236360425248898,305490,100823,679097989,133001441
4,2025-05-03 14:03:35,DuckDuckGo.exe,4.0,4.236555038263351,307018,101410,681012369,133067857
4,2025-05-03 14:03:45,DuckDuckGo.exe,0.0,4.238160595632592,307787,101684,682973653,133099529
4,2025-05-03 14:03:55,DuckDuckGo.exe,1.6,4.243317840515608,308551,101947,684711001,133129969
4,2025-05-03 14:04:05,DuckDuckGo.exe,0.0,4.243439473649642,308802,102033,684861061,133139697
4,2025-05-03 14:04:15,DuckDuckGo.exe,1.9,4.237795696230492,309213,102078,685365749,133144929
4,2025-05-03 14:04:25,DuckDuckGo.exe,0.0,4.2377227163500715,309689,102113,686475781,133148849
4,2025-05-03 14:04:35,DuckDuckGo.exe,0.0,4.242904287859894,309834,102126,687365077,133150305
4,2025-05-03 14:04:45,DuckDuckGo.exe,0.0,4.246796548148963,310116,102139,688098453,133151761
4,2025-05-03 14:04:55,DuckDuckGo.exe,0.3,4.247039814417029,310709,102374,688362121,133178369
4,2025-05-03 14:05:05,DuckDuckGo.exe,0.0,4.240204032284353,311184,102572,688579955,133208753
4,2025-05-03 14:05:16,DuckDuckGo.exe,0.9,4.251296974108198,311680,102688,690124919,133221841
4,2025-05-03 14:05:26,DuckDuckGo.exe,1.2,4.246042422717956,312406,102943,690710147,133250689
4,2025-05-03 14:05:36,DuckDuckGo.exe,0.3,4.246285688986022,312914,103148,690863773,133273889
4,2025-05-03 14:05:46,DuckDuckGo.exe,0.3,4.261611463874229,313411,103262,692407649,133286753
4,2025-05-03 14:05:56,DuckDuckGo.exe,0.0,4.267279567920186,313703,103324,693107465,133294393
4,2025-05-03 14:06:06,DuckDuckGo.exe,1.2,4.259130147939948,314357,103592,693391407,133324745
4,2025-05-03 14:06:16,DuckDuckGo.exe,0.0,4.2595680272224685,314539,103606,693870215,133326313
4,2025-05-03 14:06:26,DuckDuckGo.exe,0.9,4.259543700595661,314689,103617,694217183,133327545
4,2025-05-03 14:06:36,DuckDuckGo.exe,0.9,4.259641007102888,315124,103782,694440351,133346217
4,2025-05-03 14:06:46,DuckDuckGo.exe,3.4,4.2581814094944885,316353,104262,695004623,133400553
4,2025-05-03 14:06:56,DuckDuckGo.exe,3.1,4.258619288777008,318108,104954,695680569,133478873
4,2025-05-03 14:07:06,DuckDuckGo.exe,3.7,4.258716595284235,318937,105277,696068593,133515433
4,2025-05-03 14:07:16,DuckDuckGo.exe,1.2,4.259495047342048,319679,105508,696761003,133541545
4,2025-05-03 14:07:26,DuckDuckGo.exe,0.9,4.2586679420306215,320791,105947,697250201,133591241
4,2025-05-03 14:07:36,DuckDuckGo.exe,2.5,4.181552535053453,322244,106516,697769909,133656337
4,2025-05-03 14:07:46,DuckDuckGo.exe,2.2,4.181114655770933,323282,106925,698211225,133702625
4,2025-05-03 14:07:56,DuckDuckGo.exe,0.9,4.181747148067906,323799,107131,698360275,133725937
4,2025-05-03 14:08:06,DuckDuckGo.exe,1.9,4.181187635651352,324765,107533,698688897,133771489
4,2025-05-03 14:08:16,DuckDuckGo.exe,3.1,4.18164984156068,326145,108114,699125764,133837305
4,2025-05-03 14:08:26,DuckDuckGo.exe,0.0,4.689638462537724,326476,108248,699254439,139590696
4,2025-05-03 14:08:36,DuckDuckGo.exe,1.2,4.689735769044951,327066,108503,699382413,139619592
4,2025-05-03 14:08:46,DuckDuckGo.exe,0.3,4.690270954834698,327310,108591,699488017,139629544
4,2025-05-03 14:08:56,DuckDuckGo.exe,1.2,4.690319608088311,327544,108594,699673201,139629880
4,2025-05-03 14:09:06,DuckDuckGo.exe,3.4,4.690660180863605,328216,108862,699886071,139660232
4,2025-05-03 14:09:17,DuckDuckGo.exe,1.6,4.6983473949345145,329764,109418,700951517,139929584
4,2025-05-03 14:09:27,DuckDuckGo.exe,0.0,4.6976662493839285,330932,109786,702050756,139974040
4,2025-05-03 14:09:37,DuckDuckGo.exe,0.0,4.6976662493839285,330952,109792,702053220,139974712
4,2025-05-03 14:09:47,DuckDuckGo.exe,0.3,4.6976662493839285,330953,109792,702053332,139974712
4,2025-05-03 14:09:57,DuckDuckGo.exe,0.3,4.701120630390476,331797,109964,703829604,140018424
4,2025-05-03 14:10:07,DuckDuckGo.exe,0.0,4.667768825038522,332180,110086,704429472,140032184
4,2025-05-03 14:10:17,DuckDuckGo.exe,1.2,4.6702501409728026,332324,110111,704809376,140034984
4,2025-05-03 14:10:27,DuckDuckGo.exe,0.6,4.673096356309184,332541,110147,705743216,140039016
4,2025-05-03 14:10:37,DuckDuckGo.exe,0.0,4.674118074635064,332647,110166,706022568,140041144
4,2025-05-03 14:10:47,DuckDuckGo.exe,0.6,4.6754317124826255,332839,110190,706379280,140043832
4,2025-05-03 14:10:57,DuckDuckGo.exe,0.0,4.677767068656066,333249,110216,707458440,140046744
4,2025-05-03 14:11:07,DuckDuckGo.exe,0.9,4.669933894824315,333648,110287,708539720,140054696
4,2025-05-03 14:11:17,DuckDuckGo.exe,1.2,4.678277927819006,334733,110509,710335064,140079560
4,2025-05-03 14:11:27,DuckDuckGo.exe,0.6,4.668863523244822,335187,110643,711160236,140094664
4,2025-05-03 14:11:37,DuckDuckGo.exe,2.2,4.676891310091025,336134,110837,713064204,140116392
4,2025-05-03 14:11:47,DuckDuckGo.exe,0.6,4.678156294684973,336704,110851,714185596,140117960
4,2025-05-03 14:11:57,DuckDuckGo.exe,0.9,4.681926921840008,337081,110882,715397308,140121432
4,2025-05-03 14:12:07,DuckDuckGo.exe,0.3,4.681489042557487,337387,110904,716115124,140123896
4,2025-05-03 14:12:17,DuckDuckGo.exe,0.9,4.683994685118575,337821,110965,717126876,140131424
4,2025-05-03 14:12:27,DuckDuckGo.exe,0.3,4.670298794226416,338280,111051,717906100,140141752
4,2025-05-03 14:12:37,DuckDuckGo.exe,1.2,4.673242316070024,338635,111071,719264988,140143992
4,2025-05-03 14:12:47,DuckDuckGo.exe,0.3,4.6760155515259845,338949,111116,720365444,140149032
4,2025-05-03 14:12:57,DuckDuckGo.exe,5.3,4.6694473622881825,341006,111446,730813452,140233648
4,2025-05-03 14:13:07,DuckDuckGo.exe,0.9,4.670055527958349,342214,111457,733052588,140234880
4,2025-05-03 14:13:18,DuckDuckGo.exe,0.6,4.671247532671876,343139,111469,734756612,140236224
4,2025-05-03 14:13:28,DuckDuckGo.exe,0.0,4.630962638680018,343678,111472,735664908,140236560
4,2025-05-03 14:13:38,DuckDuckGo.exe,0.3,4.631278884828505,344258,111478,737137028,140237232
4,2025-05-03 14:13:48,DuckDuckGo.exe,1.2,4.631424844589345,345275,111607,739329242,140251824
4,2025-05-03 14:13:58,DuckDuckGo.exe,1.2,4.630135533368591,345912,111820,739592436,140275920
4,2025-05-03 14:14:08,DuckDuckGo.exe,0.0,4.630524759397497,346268,111858,740298220,140280176
4,2025-05-03 14:14:18,DuckDuckGo.exe,0.3,4.630378799636657,346564,111872,741106900,140281744
4,2025-05-03 14:14:28,DuckDuckGo.exe,0.6,4.633516934494719,346924,111906,742483748,140286248
4,2025-05-03 14:14:38,DuckDuckGo.exe,1.2,4.637360541530175,347583,111929,744440668,140288824
4,2025-05-03 14:14:48,DuckDuckGo.exe,0.3,4.630500432770691,348774,112212,746082364,140329744
4,2025-05-03 14:14:58,DuckDuckGo.exe,1.6,4.636192863443454,349037,112259,746804204,140335704
4,2025-05-03 14:15:08,DuckDuckGo.exe,0.9,4.639282345047901,349817,112340,749113636,140344776
4,2025-05-03 14:15:18,DuckDuckGo.exe,0.3,4.640450023134622,350179,112402,749744852,140351720
4,2025-05-03 14:15:28,DuckDuckGo.exe,0.9,4.644244976916464,350582,112441,751371156,140356088
4,2025-05-03 14:15:38,DuckDuckGo.exe,0.0,4.646628986343519,350901,112471,752670348,140359448
4,2025-05-03 14:15:48,DuckDuckGo.exe,0.0,4.6503996134985535,351230,112506,754030268,140363368
4,2025-05-03 14:15:58,DuckDuckGo.exe,0.9,4.632981748704972,351456,112558,754708596,140369192
4,2025-05-03 14:16:08,DuckDuckGo.exe,1.2,4.636874008994041,351879,112591,756489956,140373584
4,2025-05-03 14:16:18,DuckDuckGo.exe,2.8,4.641569047967729,352749,112638,759405916,140378848
4,2025-05-03 14:16:28,DuckDuckGo.exe,0.9,4.6422258668915095,353164,112667,760831228,140382096
4,2025-05-03 14:16:38,DuckDuckGo.exe,1.2,4.646507353209485,353588,112716,762761004,140387584
4,2025-05-03 14:16:48,DuckDuckGo.exe,0.9,4.650010387469647,354331,112747,765205924,140391056
4,2025-05-03 14:16:58,DuckDuckGo.exe,0.3,4.650253653737713,354552,112798,765696620,140396768
4,2025-05-03 14:17:08,DuckDuckGo.exe,1.2,4.654145914026782,355323,112827,768329148,140400016
4,2025-05-03 14:17:18,DuckDuckGo.exe,1.9,4.6572840488848435,356050,112863,771163012,140404048
4,2025-05-03 14:17:29,DuckDuckGo.exe,0.6,4.631303211455311,356767,113033,772115388,140423088
4,2025-05-03 14:17:39,DuckDuckGo.exe,0.3,4.631643784230604,357096,113050,773853668,140424992
4,2025-05-03 14:17:49,DuckDuckGo.exe,3.1,4.639160711913868,357612,113243,774642532,140447496
4,2025-05-03 14:17:59,DuckDuckGo.exe,0.0,4.639987817225295,357711,113266,775241364,140450072
4,2025-05-03 14:18:09,DuckDuckGo.exe,0.0,4.6400364704789085,357771,113280,775326124,140451640
4,2025-05-03 14:18:19,DuckDuckGo.exe,1.2,4.634027793657659,358120,113307,775911220,140454664
4,2025-05-03 14:18:29,DuckDuckGo.exe,0.3,4.538716069829095,359313,113342,780008932,140458584
4,2025-05-03 14:18:39,DuckDuckGo.exe,0.3,4.542559676864551,359619,113352,781939668,140459704
4,2025-05-03 14:18:49,DuckDuckGo.exe,0.3,4.542292083969677,359737,113378,783046412,140462616
4,2025-05-03 14:18:59,DuckDuckGo.exe,0.3,4.544943686291606,359946,113418,783729844,140467096
4,2025-05-03 14:19:09,DuckDuckGo.exe,0.9,4.547887208135213,360636,113438,785750300,140469336
4,2025-05-03 14:19:19,DuckDuckGo.exe,0.3,4.547570961986726,361163,113468,788043196,140472696
4,2025-05-03 14:19:29,DuckDuckGo.exe,0.6,4.550271217562267,361885,113557,789951412,140484056
4,2025-05-03 14:19:39,DuckDuckGo.exe,0.0,4.558323331035278,362159,113619,791980636,140491000
4,2025-05-03 14:19:49,DuckDuckGo.exe,0.6,4.5621669380707335,362363,113669,793028844,140496600
4,2025-05-03 14:19:59,DuckDuckGo.exe,0.9,4.536867246191789,363060,113754,795639492,140506816
4,2025-05-03 14:20:09,DuckDuckGo.exe,0.6,4.537426758608342,363945,113762,798281620,140507712
4,2025-05-03 14:20:19,DuckDuckGo.exe,0.6,4.538983662723969,364373,113799,800619516,140511856
4,2025-05-03 14:20:29,DuckDuckGo.exe,2.2,4.542292083969677,365304,113895,802796764,140534632
4,2025-05-03 14:20:39,DuckDuckGo.exe,0.3,4.542754289879005,366057,113898,805396444,140534968
4,2025-05-03 14:20:49,DuckDuckGo.exe,3.4,4.5360401408803614,368140,114073,814309388,140572336
4,2025-05-03 14:20:59,DuckDuckGo.exe,0.9,4.537548391742375,369362,114151,817848972,140585816
4,2025-05-03 14:21:09,DuckDuckGo.exe,0.6,4.538521456814642,370181,114151,820746668,140585816
4,2025-05-03 14:21:20,DuckDuckGo.exe,0.0,4.537402431981535,370703,114151,822853780,140585816
4,2025-05-03 14:21:30,DuckDuckGo.exe,1.9,4.539664808274556,371776,114246,825232396,140596456
4,2025-05-03 14:21:40,DuckDuckGo.exe,0.0,4.54117305913657,372665,114255,828277140,140597464
4,2025-05-03 14:21:50,DuckDuckGo.exe,0.0,4.539591828394136,373190,114255,830453900,140597464
4,2025-05-03 14:22:00,DuckDuckGo.exe,0.0,4.547741248374374,373444,114347,830724711,140610920
4,2025-05-03 14:22:10,DuckDuckGo.exe,1.2,4.545892424737065,374849,114358,835910711,140612152
4,2025-05-03 14:22:20,DuckDuckGo.exe,0.6,4.5450166661720255,375795,114367,839457175,140613160
4,2025-05-03 14:22:30,DuckDuckGo.exe,0.0,4.544286867367825,375878,114382,840041423,140614840
4,2025-05-03 14:22:40,DuckDuckGo.exe,1.2,4.535431975210194,375951,114399,840134215,140616744
4,2025-05-03 14:22:50,DuckDuckGo.exe,1.9,4.539445868633296,377054,114465,844445263,140624136
4,2025-05-03 14:23:00,DuckDuckGo.exe,0.3,4.539129622484809,378193,114503,848331863,140628392
4,2025-05-03 14:23:10,DuckDuckGo.exe,0.9,4.539445868633296,379453,114503,852388583,140628392
4,2025-05-03 14:23:20,DuckDuckGo.exe,0.3,4.538959336097163,380409,114506,856257695,140628728
4,2025-05-03 14:23:30,DuckDuckGo.exe,0.3,4.515654427616365,380508,114509,856823183,140629064
4,2025-05-03 14:23:40,DuckDuckGo.exe,1.6,4.5176005577608995,381405,114585,859847999,140647200
4,2025-05-03 14:23:50,DuckDuckGo.exe,0.3,4.517770844148546,381420,114588,859849679,140647536
4,2025-05-03 14:24:00,DuckDuckGo.exe,0.0,4.518135743550646,381499,114607,859925951,140649664
4,2025-05-03 14:24:10,DuckDuckGo.exe,5.9,4.65064287976662,382013,114820,860891718,140695902
4,2025-05-03 14:24:20,DuckDuckGo.exe,38.6,4.764905045877586,386072,116589,865703654,145008748
4,2025-05-03 14:24:30,DuckDuckGo.exe,0.3,4.757631384462389,386761,116987,866889950,145677067
4,2025-05-03 14:24:40,DuckDuckGo.exe,0.9,4.761499318124651,387180,117116,867660533,145695664
4,2025-05-03 14:24:50,DuckDuckGo.exe,1.6,4.764296880207419,388604,117218,872345381,145714760
4,2025-05-03 14:25:00,DuckDuckGo.exe,0.3,4.761815564273138,389153,117342,873696805,145728648
4,2025-05-03 14:25:10,DuckDuckGo.exe,3.1,4.764248226953805,389922,117467,876685085,145746052
4,2025-05-03 14:25:21,DuckDuckGo.exe,0.9,4.764978025758006,390212,117564,876951980,145760369
4,2025-05-03 14:25:31,DuckDuckGo.exe,1.2,4.765878110949853,391827,117573,883059692,145761377
4,2025-05-03 14:25:41,DuckDuckGo.exe,0.9,4.766461949993213,393138,117595,887634740,145763841
4,2025-05-03 14:25:51,DuckDuckGo.exe,1.6,4.766461949993213,394288,117619,891907732,145766529
4,2025-05-03 14:26:01,DuckDuckGo.exe,0.9,4.766170030471533,395299,117622,896158500,145766865
4,2025-05-03 14:26:11,DuckDuckGo.exe,0.6,4.7596748211141495,396543,117678,901347308,145773137
4,2025-05-03 14:26:21,DuckDuckGo.exe,1.2,4.760258660157509,397214,117700,903759340,145775601
4,2025-05-03 14:26:31,DuckDuckGo.exe,2.8,4.77417349069093,399078,117851,912299468,145801249
4,2025-05-03 14:26:41,DuckDuckGo.exe,0.0,4.775170882390004,399921,117934,915569748,145810545
4,2025-05-03 14:26:51,DuckDuckGo.exe,1.2,4.760282986784317,400414,118032,916126406,145821569
4,2025-05-03 14:27:01,DuckDuckGo.exe,1.2,4.759796454248183,401862,118037,923335534,145822129
4,2025-05-03 14:27:11,DuckDuckGo.exe,2.2,4.761085765468938,402649,118060,925897318,145825401
4,2025-05-03 14:27:21,DuckDuckGo.exe,1.6,4.761815564273138,403451,118066,928299446,145826073
4,2025-05-03 14:27:31,DuckDuckGo.exe,1.2,4.763907654178512,404735,118069,933015886,145826409
4,2025-05-03 14:27:41,DuckDuckGo.exe,1.9,4.7655618648013665,406233,118100,938827350,145829881
4,2025-05-03 14:27:51,DuckDuckGo.exe,0.6,4.767994527482033,407146,118131,942254358,145834049
4,2025-05-03 14:28:01,DuckDuckGo.exe,0.3,4.766170030471533,408399,118131,947527518,145834049
4,2025-05-03 14:28:11,DuckDuckGo.exe,0.9,4.7668511760221195,409838,118148,953056566,145835953
4,2025-05-03 14:28:21,DuckDuckGo.exe,3.4,4.770281230401861,411135,118179,959305750,148000225
4,2025-05-03 14:28:31,DuckDuckGo.exe,0.3,4.7465141160117374,411710,118188,962842254,148001233
4,2025-05-03 14:28:41,DuckDuckGo.exe,2.2,4.75938290159247,412858,118281,967907102,148014697
4,2025-05-03 14:28:51,DuckDuckGo.exe,1.2,4.742986755124769,415009,118342,977135990,148026345
4,2025-05-03 14:29:01,DuckDuckGo.exe,0.0,4.7421353231865355,415944,118342,980053374,148026345
4,2025-05-03 14:29:12,DuckDuckGo.exe,1.2,4.742208303066955,417324,118342,985670126,148026345
4,2025-05-03 14:29:22,DuckDuckGo.exe,1.6,4.7433273279000625,418771,118371,992403206,148029593
4,2025-05-03 14:29:32,DuckDuckGo.exe,0.3,4.745492397685857,419989,118383,998963318,148030937
4,2025-05-03 14:29:42,DuckDuckGo.exe,0.3,4.746562769265351,420036,118394,999026014,148032169
4,2025-05-03 14:29:52,DuckDuckGo.exe,0.0,4.746562769265351,420038,118394,999026238,148032169
4,2025-05-03 14:30:02,DuckDuckGo.exe,0.6,4.74648978938493,420341,118416,999606022,148034633
4,2025-05-03 14:30:12,DuckDuckGo.exe,0.3,4.747243914815937,421321,118429,1003606206,148036089
4,2025-05-03 14:30:22,DuckDuckGo.exe,0.6,4.747438527830391,422004,118435,1007437438,148036761
4,2025-05-03 14:30:32,DuckDuckGo.exe,0.6,4.7457113373271165,422604,118438,1011098206,148037097
4,2025-05-03 14:30:42,DuckDuckGo.exe,0.0,4.745638357446697,422723,118465,1011212614,148040121
4,2025-05-03 14:30:52,DuckDuckGo.exe,0.6,4.74648978938493,423598,118471,1014424966,148040793
4,2025-05-03 14:31:02,DuckDuckGo.exe,1.6,4.745954603595184,424522,118471,1017595614,148040793
4,2025-05-03 14:31:12,DuckDuckGo.exe,2.8,4.745273458044597,427116,118471,1029101774,148040793
4,2025-05-03 14:31:22,DuckDuckGo.exe,1.9,4.746465462758124,428537,118480,1035309190,148041801
4,2025-05-03 14:31:32,DuckDuckGo.exe,1.2,4.745346437925017,429760,118483,1041993150,148042137
4,2025-05-03 14:31:42,DuckDuckGo.exe,0.0,4.74495721189611,429782,118489,1041995838,148042809
4,2025-05-03 14:31:52,DuckDuckGo.exe,0.3,4.7455167243126635,429985,118508,1042120462,148044937
4,2025-05-03 14:32:02,DuckDuckGo.exe,0.3,4.746465462758124,431485,118543,1048394518,148048857
4,2025-05-03 14:32:12,DuckDuckGo.exe,1.6,4.746733055652997,432397,118543,1053009054,148048857
4,2025-05-03 14:32:22,DuckDuckGo.exe,1.6,4.771181315593708,434074,118662,1061426158,148065633
4,2025-05-03 14:32:32,DuckDuckGo.exe,0.9,4.776168274089077,434944,118702,1065021270,148070113
4,2025-05-03 14:32:42,DuckDuckGo.exe,0.6,4.787139582778889,435196,118749,1066977806,148075377
4,2025-05-03 14:32:52,DuckDuckGo.exe,0.3,4.787650441941829,435454,118754,1067995782,148075937
4,2025-05-03 14:33:02,DuckDuckGo.exe,0.0,4.7890857129234226,436024,118777,1071180790,148079209
4,2025-05-03 14:33:12,DuckDuckGo.exe,0.9,4.78976685847401,436863,118796,1074465254,148081337
4,2025-05-03 14:33:23,DuckDuckGo.exe,0.3,4.789207346057457,437794,118826,1078808158,148084697
4,2025-05-03 14:33:33,DuckDuckGo.exe,0.6,4.790107431249304,439426,118842,1086172350,148086489
4,2025-05-03 14:33:43,DuckDuckGo.exe,1.2,4.790229064383337,441008,118853,1092633974,148087721
4,2025-05-03 14:33:53,DuckDuckGo.exe,0.6,4.7899857981152705,441521,118853,1093114422,148087721
4,2025-05-03 14:34:03,DuckDuckGo.exe,0.6,4.7899857981152705,443308,118853,1100777326,148087721
4,2025-05-03 14:34:13,DuckDuckGo.exe,0.3,4.790253391010143,443940,118866,1104047134,148089873
4,2025-05-03 14:34:23,DuckDuckGo.exe,0.9,4.775316842150843,444785,118895,1108626438,148093121
4,2025-05-03 14:34:33,DuckDuckGo.exe,2.2,4.776800766386051,446236,118984,1114312654,148103089
4,2025-05-03 14:34:43,DuckDuckGo.exe,0.3,4.778138730860418,447925,118992,1121109926,148103985
4,2025-05-03 14:34:53,DuckDuckGo.exe,0.9,4.777579218443865,449746,119000,1128744230,148104881
4,2025-05-03 14:35:03,DuckDuckGo.exe,1.2,4.778260363994451,451084,119032,1135032358,148108465
4,2025-05-03 14:35:13,DuckDuckGo.exe,0.9,4.778357670501678,452503,119044,1142797254,148109809
4,2025-05-03 14:35:23,DuckDuckGo.exe,0.6,4.779598328468819,452745,119083,1143206582,148114177
4,2025-05-03 14:35:33,DuckDuckGo.exe,1.6,4.780936292943186,453998,119114,1147345750,148119041
4,2025-05-03 14:35:43,DuckDuckGo.exe,0.3,4.78127686571848,455643,119139,1155360222,148121841
4,2025-05-03 14:35:53,DuckDuckGo.exe,1.9,4.775608761672523,456547,119165,1159962142,148126145
4,2025-05-03 14:36:03,DuckDuckGo.exe,0.6,4.775438475284877,457679,119170,1164183438,148126705
4,2025-05-03 14:36:13,DuckDuckGo.exe,1.9,4.776849419639665,459752,119186,1172848454,148128497
4,2025-05-03 14:36:23,DuckDuckGo.exe,4.1,4.7771170125345375,463267,119200,1189216462,148130065
4,2025-05-03 14:36:33,DuckDuckGo.exe,1.9,4.778503630262518,465108,119261,1197597782,148137593
4,2025-05-03 14:36:43,DuckDuckGo.exe,1.2,4.782712136700074,466298,119274,1202343958,148139049
4,2025-05-03 14:36:53,DuckDuckGo.exe,0.3,4.787188236032502,467251,119297,1207417998,148143017
4,2025-05-03 14:37:03,DuckDuckGo.exe,0.9,4.787188236032502,467251,119297,1207417998,148143017
4,2025-05-03 14:37:13,DuckDuckGo.exe,0.9,4.787212562659309,468034,119308,1210692494,148144249
4,2025-05-03 14:37:24,DuckDuckGo.exe,1.2,4.787699095195443,469141,119335,1216104310,148147273
4,2025-05-03 14:37:34,DuckDuckGo.exe,0.3,4.788185627731576,470162,119345,1220018454,148148393
4,2025-05-03 14:37:44,DuckDuckGo.exe,1.6,4.788647833640903,471888,119364,1227737230,148150521
4,2025-05-03 14:37:54,DuckDuckGo.exe,0.0,4.788428893999643,472003,119375,1228842934,148151753
4,2025-05-03 14:38:04,DuckDuckGo.exe,0.6,4.7888910999089696,472062,119389,1228887390,148153321
4,2025-05-03 14:38:14,DuckDuckGo.exe,0.0,4.789061386296616,472105,119400,1228926310,148154553
4,2025-05-03 14:38:24,DuckDuckGo.exe,1.2,4.790691270292664,473154,119449,1233010566,148160041
4,2025-05-03 14:38:34,DuckDuckGo.exe,1.6,4.789353305818297,474954,119461,1240959990,148161385
4,2025-05-03 14:38:44,DuckDuckGo.exe,0.6,4.788282934238803,475897,119471,1246056150,148162505
4,2025-05-03 14:38:54,DuckDuckGo.exe,0.3,4.7886964868945165,477604,119474,1255315790,148162841
4,2025-05-03 14:39:04,DuckDuckGo.exe,1.9,4.780547066914279,479136,119485,1263368278,148164073
4,2025-05-03 14:39:14,DuckDuckGo.exe,0.0,4.780474087033859,480322,119504,1269075774,148166201
4,2025-05-03 14:39:24,DuckDuckGo.exe,0.6,4.7813984988525124,480482,119524,1270317214,148168441
4,2025-05-03 14:39:34,DuckDuckGo.exe,0.3,4.781057926077219,480614,119543,1270479278,148170569
4,2025-05-03 14:39:44,DuckDuckGo.exe,1.2,4.781203885838059,482478,119568,1279508462,148173369
4,2025-05-03 14:39:54,DuckDuckGo.exe,2.2,4.782687810073267,483717,119584,1284756430,148175161
4,2025-05-03 14:40:04,DuckDuckGo.exe,2.5,4.782833769834107,485760,119590,1293412454,148175833
4,2025-05-03 14:40:14,DuckDuckGo.exe,0.9,4.78288242308772,486844,119626,1298846838,148179865
4,2025-05-03 14:40:24,DuckDuckGo.exe,0.3,4.781958011269066,487872,119644,1304214246,148181881
4,2025-05-03 14:40:34,DuckDuckGo.exe,0.9,4.7820066645226795,487885,119647,1304215814,148182217
4,2025-05-03 14:40:44,DuckDuckGo.exe,1.2,4.783441935504274,489460,119657,1312426126,148184033
4,2025-05-03 14:40:54,DuckDuckGo.exe,0.6,4.784269040815701,489790,119668,1314516646,148185265
4,2025-05-03 14:41:05,DuckDuckGo.exe,0.3,4.784269040815701,489791,119668,1314516758,148185265
4,2025-05-03 14:41:15,DuckDuckGo.exe,2.2,4.784366347322928,490633,119668,1318626694,148185265
4,2025-05-03 14:41:25,DuckDuckGo.exe,1.9,4.781714745001,491450,119869,1320629565,148210633
4,2025-05-03 14:41:35,DuckDuckGo.exe,2.2,4.791834621752578,492354,120141,1322274057,148241385
4,2025-05-03 14:41:45,DuckDuckGo.exe,4.1,4.797040519889207,493906,120705,1324860219,148307145
4,2025-05-03 14:41:55,DuckDuckGo.exe,1.2,4.796237741204586,494378,120888,1325279637,148327881
4,2025-05-03 14:42:05,DuckDuckGo.exe,4.4,4.7967729269943336,495459,121329,1325838229,148377849
4,2025-05-03 14:42:15,DuckDuckGo.exe,0.3,4.796699947113913,496522,121775,1326166117,148428377
4,2025-05-03 14:42:25,DuckDuckGo.exe,2.2,4.797478399171727,497920,122331,1327176795,148491369
4,2025-05-03 14:42:35,DuckDuckGo.exe,2.2,4.797478399171727,499284,122904,1327515110,148556289
4,2025-05-03 14:42:45,DuckDuckGo.exe,2.2,4.794194304552826,500371,123327,1328527625,148604217
4,2025-05-03 14:42:55,DuckDuckGo.exe,3.4,4.794194304552826,501548,123804,1329205403,148658265
4,2025-05-03 14:43:05,DuckDuckGo.exe,0.0,4.794486224074506,501668,123848,1329261389,148663241
4,2025-05-03 14:43:15,DuckDuckGo.exe,0.3,4.794826796849799,501795,123854,1329753205,148663913
4,2025-05-03 14:43:25,DuckDuckGo.exe,0.0,4.79687023350156,502385,123944,1330510357,148673993
4,2025-05-03 14:43:35,DuckDuckGo.exe,3.7,3.660670801868869,503514,124345,1331719337,148719385
4,2025-05-03 14:43:45,DuckDuckGo.exe,2.8,3.6628115450278567,505032,124932,1332606205,148785801
4,2025-05-03 14:43:55,DuckDuckGo.exe,0.0,3.664319795889871,505659,125146,1333524647,148810009
4,2025-05-03 14:44:05,DuckDuckGo.exe,0.0,3.664319795889871,505661,125146,1333524871,148810009
4,2025-05-03 14:44:15,DuckDuckGo.exe,0.0,3.6643927757702905,505688,125151,1333585095,148810569
4,2025-05-03 14:44:25,DuckDuckGo.exe,0.0,3.6654144940961713,505748,125163,1333786919,148811913
4,2025-05-03 14:44:35,DuckDuckGo.exe,0.3,3.665073921320877,505766,125166,1333847615,148812249
4,2025-05-03 14:44:45,DuckDuckGo.exe,0.0,3.665073921320877,505776,125169,1333848847,148812585
4,2025-05-03 14:44:56,DuckDuckGo.exe,0.3,3.665146901201297,505778,125169,1333849071,148812585
4,2025-05-03 14:45:06,DuckDuckGo.exe,0.0,3.665146901201297,505778,125169,1333849071,148812585
4,2025-05-03 14:45:16,DuckDuckGo.exe,0.3,3.6650495946940707,505804,125174,1333909431,148813145
4,2025-05-03 14:45:26,DuckDuckGo.exe,0.0,3.6652198810817174,505833,125180,1333973975,148813817
4,2025-05-03 14:45:36,DuckDuckGo.exe,2.5,3.6714961507978408,506027,125211,1334597783,148817289
4,2025-05-03 14:45:46,DuckDuckGo.exe,0.0,3.6725908490041412,506268,125252,1334841791,148821881
4,2025-05-03 14:45:56,DuckDuckGo.exe,0.3,3.675437064340522,506573,125288,1335865695,148825913
4,2025-05-03 14:46:06,DuckDuckGo.exe,1.2,3.6770426217097625,507350,125413,1337835531,148840705
4,2025-05-03 14:46:16,DuckDuckGo.exe,0.6,3.671812396946327,508278,125541,1340936930,148858681
4,2025-05-03 14:46:26,DuckDuckGo.exe,0.6,3.6713501910370003,508451,125619,1340974838,148867513
4,2025-05-03 14:46:36,DuckDuckGo.exe,5.9,3.7022936603350947,509309,125950,1342187711,148934791
4,2025-05-03 14:46:46,DuckDuckGo.exe,0.9,3.7280555581233656,509627,126064,1344332056,148955686
4,2025-05-03 14:46:56,DuckDuckGo.exe,0.0,3.788166652962667,509766,126085,1348558056,148962838
4,2025-05-03 14:47:06,DuckDuckGo.exe,0.0,3.7881909795894737,509820,126094,1348780936,148963846
5,2025-05-03 14:47:56,chrome.exe,0.9,0.45600261949117454,1047,810,8853216,656696
5,2025-05-03 14:48:06,chrome.exe,0.0,0.45600261949117454,1047,810,8853216,656696
5,2025-05-03 14:48:16,chrome.exe,1.2,0.4441068989827091,1060,818,8854704,658024
5,2025-05-03 14:48:26,chrome.exe,0.0,0.4442042054899359,1079,831,8856832,659480
5,2025-05-03 14:48:36,chrome.exe,0.0,0.4442042054899359,1079,831,8856832,659480
5,2025-05-03 14:48:46,chrome.exe,0.0,0.44483669778690943,1096,842,8858656,661144
5,2025-05-03 14:48:56,chrome.exe,0.0,0.44486102441371617,1102,849,8859328,661928
5,2025-05-03 14:49:06,chrome.exe,0.0,0.44486102441371617,1102,849,8859328,661928
5,2025-05-03 14:49:16,chrome.exe,6.2,0.4551268609261342,2155,1410,19264840,957704
5,2025-05-03 14:49:26,chrome.exe,1.2,0.4660738429891391,4112,2435,25148032,1361752
5,2025-05-03 14:49:36,chrome.exe,0.0,0.46648739564485264,4436,2607,25243864,1383016
5,2025-05-03 14:49:46,chrome.exe,0.3,0.46814160626770673,4596,2709,25298384,1395512
5,2025-05-03 14:49:56,chrome.exe,0.0,0.46816593289451347,4715,2788,25339680,1404760
5,2025-05-03 14:50:06,chrome.exe,0.0,0.46816593289451347,4750,2806,25348968,1406776
5,2025-05-03 14:50:16,chrome.exe,0.3,0.4681902595213201,4869,2874,25379912,1415704
5,2025-05-03 14:50:26,chrome.exe,0.3,0.4616220702835171,5314,3093,25766408,1554576
5,2025-05-03 14:50:36,chrome.exe,0.0,0.4616220702835171,5384,3135,25793680,1559600
5,2025-05-03 14:50:46,chrome.exe,0.0,0.46227888920729737,5491,3200,25842008,1578920
5,2025-05-03 14:50:56,chrome.exe,0.6,0.46230321583410405,5613,3273,25878368,1588456
5,2025-05-03 14:51:07,chrome.exe,0.0,0.46230321583410405,5705,3321,25901040,1594232
5,2025-05-03 14:51:17,chrome.exe,0.3,0.46230321583410405,5891,3418,25947960,1606888
5,2025-05-03 14:51:27,chrome.exe,0.0,0.46230321583410405,6010,3497,25984560,1616376
5,2025-05-03 14:51:37,chrome.exe,0.0,0.46230321583410405,6236,3629,26065256,1632840
5,2025-05-03 14:51:47,chrome.exe,0.6,0.4654413506921655,6501,3784,26143128,1652952
5,2025-05-03 14:51:57,chrome.exe,0.3,0.464273672605445,6714,3899,26216304,1667592
5,2025-05-03 14:52:07,chrome.exe,0.0,0.464273672605445,6768,3929,26233496,1671032
5,2025-05-03 14:52:17,chrome.exe,0.0,0.4642979992322517,6835,3966,26255560,1675848
5,2025-05-03 14:52:27,chrome.exe,0.0,0.4646872252611585,6938,4039,26295512,1684824
5,2025-05-03 14:52:37,chrome.exe,0.6,0.4650764512900653,7085,4123,26346552,1695512
5,2025-05-03 14:52:47,chrome.exe,0.9,0.4691876512203939,7429,4316,27214912,1787544
5,2025-05-03 14:52:57,chrome.exe,0.6,0.4691876512203939,7965,4623,27393160,1827128
5,2025-05-03 14:53:07,chrome.exe,1.2,0.46926063110081395,9284,5373,27831248,1921768
5,2025-05-03 14:53:17,chrome.exe,0.3,0.469552550622494,9451,5459,27875264,1932632
5,2025-05-03 14:53:27,chrome.exe,0.9,0.43264905775676393,9674,5612,27958416,1951032
5,2025-05-03 14:53:37,chrome.exe,0.3,0.43264905775676393,9775,5673,27987552,1958664
5,2025-05-03 14:53:47,chrome.exe,0.0,0.43264905775676393,9849,5712,28002488,1963704
5,2025-05-03 14:53:57,chrome.exe,0.0,0.43264905775676393,10143,5887,28094512,1985864
5,2025-05-03 14:54:07,chrome.exe,0.0,0.43264905775676393,10205,5923,28114312,1990216
5,2025-05-03 14:54:17,chrome.exe,0.3,0.43264905775676393,10679,6212,28281896,2027416
5,2025-05-03 14:54:27,chrome.exe,0.0,0.432722037637184,10858,6309,28330656,2039560
5,2025-05-03 14:54:37,chrome.exe,0.0,0.432722037637184,10882,6321,28337176,2040904
5,2025-05-03 14:54:47,chrome.exe,0.0,0.432722037637184,10932,6347,28345504,2044488
5,2025-05-03 14:54:57,chrome.exe,0.0,0.432722037637184,10965,6366,28352808,2046616
5,2025-05-03 14:55:08,chrome.exe,4.7,0.4503588420720253,11508,6678,35819096,2104648
5,2025-05-03 14:55:18,chrome.exe,0.0,0.4406768446029675,12039,6976,39139096,2286696
5,2025-05-03 14:55:28,chrome.exe,0.0,0.4406768446029675,12067,6994,39149480,2288712
5,2025-05-03 14:55:38,chrome.exe,2.2,0.450310188818412,12446,7218,44657128,2332472
5,2025-05-03 14:55:48,chrome.exe,1.9,0.4478288728841308,12806,7425,50149952,2370464
5,2025-05-03 14:55:58,chrome.exe,0.0,0.45977324664620955,13625,7902,66561944,2474080
5,2025-05-03 14:56:08,chrome.exe,6.2,0.4700390831586276,14533,8420,82990432,2582144
5,2025-05-03 14:56:18,chrome.exe,8.1,0.4851215917787678,16455,9476,105523552,2923656
5,2025-05-03 14:56:28,chrome.exe,0.0,0.4851215917787678,16568,9533,105559288,2930200
5,2025-05-03 14:56:38,chrome.exe,0.0,0.4851215917787678,16581,9540,105560744,2930984
5,2025-05-03 14:56:48,chrome.exe,0.0,0.4856081243149014,16640,9575,105570208,2935552
5,2025-05-03 14:56:58,chrome.exe,0.0,0.4856081243149014,16653,9581,105571776,2936224
5,2025-05-03 14:57:08,chrome.exe,0.0,0.4856081243149014,16679,9594,105577096,2937680
5,2025-05-03 14:57:18,chrome.exe,0.0,0.48563245094170804,16759,9639,105593896,2943184
5,2025-05-03 14:57:28,chrome.exe,5.6,0.478237156392478,17591,10121,115788208,3066088
5,2025-05-03 14:57:38,chrome.exe,0.3,0.4954117549179925,18564,10565,119814896,3329384
5,2025-05-03 14:57:48,chrome.exe,1.2,0.4806211658195324,19297,10935,123476584,3449496
5,2025-05-03 14:57:58,chrome.exe,0.3,0.4806211658195324,19922,11246,123572264,3484488
5,2025-05-03 14:58:08,chrome.exe,0.3,0.4806211658195324,20524,11546,123662776,3518168
5,2025-05-03 14:58:18,chrome.exe,1.9,0.479672427374072,21169,11879,126086720,3663368
5,2025-05-03 14:58:28,chrome.exe,0.3,0.48232402969599986,21580,12092,127339696,3695552
5,2025-05-03 14:58:38,chrome.exe,0.3,0.4827375823517134,21866,12238,127396976,3713184
5,2025-05-03 14:58:48,chrome.exe,0.0,0.4838566071848206,22154,12386,127448376,3730752
5,2025-05-03 14:58:59,chrome.exe,0.0,0.4840755468260806,22379,12510,127497296,3744960
5,2025-05-03 14:59:09,chrome.exe,0.0,0.4841728533333074,22553,12596,127525080,3754592
5,2025-05-03 14:59:19,chrome.exe,1.2,0.48084010546079253,23610,13207,133307096,3996240
5,2025-05-03 14:59:29,chrome.exe,0.0,0.47512334816122326,24625,13739,136318528,4077272
5,2025-05-03 14:59:39,chrome.exe,2.8,0.4837593006775939,25529,14197,144970448,4173840
5,2025-05-03 14:59:49,chrome.exe,3.7,0.47619371974071706,26179,14587,150521400,4267376
5,2025-05-03 14:59:59,chrome.exe,0.6,0.4788453220626449,26780,14870,156038440,4331624
5,2025-05-03 15:00:09,chrome.exe,1.2,0.4850729385251545,27325,15162,159255312,4380856
5,2025-05-03 15:00:19,chrome.exe,0.0,0.4858270639561615,28037,15518,159371144,4421720
5,2025-05-03 15:00:29,chrome.exe,0.0,0.4858270639561615,28421,15709,159434568,4443112
5,2025-05-03 15:00:39,chrome.exe,0.0,0.4858513905829681,28788,15893,159487792,4463880
5,2025-05-03 15:00:49,chrome.exe,0.0,0.4858513905829681,28968,15982,159510864,4474280
5,2025-05-03 15:00:59,chrome.exe,0.3,0.4858513905829681,29185,16088,159544952,4486152
5,2025-05-03 15:01:09,chrome.exe,0.3,0.485486491180868,29817,16408,159649520,4522312
5,2025-05-03 15:01:19,chrome.exe,0.9,0.47638833275517056,30432,16748,160914216,4575344
5,2025-05-03 15:01:29,chrome.exe,0.3,0.4853405314200279,31102,17077,162200736,4619984
5,2025-05-03 15:01:39,chrome.exe,0.3,0.48572975744893476,31748,17394,162290008,4655488
5,2025-05-03 15:01:49,chrome.exe,0.0,0.4861189834778416,32468,17753,162407728,4696528
5,2025-05-03 15:01:59,chrome.exe,0.3,0.4858270639561615,32980,18009,162481840,4725200
5,2025-05-03 15:02:09,chrome.exe,0.6,0.4858270639561615,33379,18205,162534552,4747152
5,2025-05-03 15:02:19,chrome.exe,0.3,0.4858270639561615,34032,18529,162629024,4783872
5,2025-05-03 15:02:29,chrome.exe,0.0,0.48658118938716843,34523,18768,163871888,4818928
5,2025-05-03 15:02:39,chrome.exe,0.6,0.4870190686696887,35145,19124,164058592,4863280
5,2025-05-03 15:02:49,chrome.exe,0.9,0.4808644320875992,35500,19330,164884912,4955448
5,2025-05-03 15:03:00,chrome.exe,0.6,0.4843431397209541,36710,20018,165206616,5043464
5,2025-05-03 15:03:10,chrome.exe,0.6,0.48405122019927405,37539,20470,165412040,5099528
5,2025-05-03 15:03:20,chrome.exe,0.0,0.4843674663477608,37749,20575,165442368,5111800
5,2025-05-03 15:03:30,chrome.exe,0.0,0.4843674663477608,37817,20616,165457184,5116632
5,2025-05-03 15:03:40,chrome.exe,1.2,0.4845864059890209,39352,21468,165879832,5225736
5,2025-05-03 15:03:50,chrome.exe,0.6,0.4738340369404693,40780,22308,166312912,5332552
5,2025-05-03 15:04:00,chrome.exe,0.9,0.4791858948379384,42205,23131,166740072,5436808
5,2025-05-03 15:04:10,chrome.exe,0.3,0.48035357292465897,42800,23487,166913424,5482360
5,2025-05-03 15:04:20,chrome.exe,0.6,0.48037789955146565,43280,23772,167079416,5518152
5,2025-05-03 15:04:30,chrome.exe,1.2,0.48037789955146565,44047,24205,167289504,5573528
5,2025-05-03 15:04:40,chrome.exe,0.9,0.488430013024476,44932,24667,169824784,5642856
5,2025-05-03 15:04:50,chrome.exe,0.3,0.48942740472354984,45586,25009,172274760,5697512
5,2025-05-03 15:05:00,chrome.exe,3.4,0.47470979550550974,46196,25348,175566664,5785640
5,2025-05-03 15:05:10,chrome.exe,3.4,0.49319803187858485,47302,25865,183427392,6092608
5,2025-05-03 15:05:20,chrome.exe,2.2,0.48200778354751306,47799,26133,185927080,6177992
5,2025-05-03 15:05:30,chrome.exe,0.0,0.4820807634279331,48096,26263,185970008,6192952
5,2025-05-03 15:05:40,chrome.exe,0.0,0.48212941668154646,48449,26452,187218160,6221840
5,2025-05-03 15:05:50,chrome.exe,0.0,0.4824456628300332,48637,26551,187246424,6237696
5,2025-05-03 15:06:00,chrome.exe,3.1,0.4786507090481915,49403,26937,193430536,6441312
5,2025-05-03 15:06:10,chrome.exe,0.9,0.4847810190034743,50385,27491,196017376,6531432
5,2025-05-03 15:06:20,chrome.exe,1.9,0.4816915373990262,52034,28462,196558728,6657176
5,2025-05-03 15:06:30,chrome.exe,1.6,0.48643522962632846,54037,29620,197180096,6806952
5,2025-05-03 15:06:40,chrome.exe,0.6,0.486848782282042,54823,30074,197430320,6864520
5,2025-05-03 15:06:50,chrome.exe,0.0,0.486848782282042,54869,30098,197439776,6867800
5,2025-05-03 15:07:01,chrome.exe,0.0,0.486848782282042,54911,30122,197456600,6870728
5,2025-05-03 15:07:11,chrome.exe,0.0,0.486848782282042,54977,30162,197479472,6875528
5,2025-05-03 15:07:21,chrome.exe,0.6,0.4827132557249067,55133,30257,198295496,6886888
5,2025-05-03 15:07:31,chrome.exe,1.9,0.4842701598405341,55757,30617,198507976,6933208
5,2025-05-03 15:07:41,chrome.exe,0.0,0.4858270639561615,56425,31019,198741424,6984072
5,2025-05-03 15:07:51,chrome.exe,0.0,0.4858270639561615,56650,31135,199561152,7066952
5,2025-05-03 15:08:01,chrome.exe,0.6,0.48590004383658153,56937,31291,199645920,7088104
5,2025-05-03 15:08:11,chrome.exe,0.0,0.486313596492295,57022,31341,199669136,7093864
5,2025-05-03 15:08:21,chrome.exe,6.6,0.4831024817538136,57519,31604,207484960,7139208
5,2025-05-03 15:08:31,chrome.exe,0.0,0.4832484415146537,57553,31625,207496232,7141880
5,2025-05-03 15:08:41,chrome.exe,0.0,0.4832484415146537,57573,31639,207501768,7143448
5,2025-05-03 15:08:51,chrome.exe,0.0,0.483297094768267,57606,31661,207505688,7146560
5,2025-05-03 15:09:01,chrome.exe,0.0,0.483297094768267,57606,31661,207505688,7146560
5,2025-05-03 15:09:11,chrome.exe,0.0,0.483297094768267,57607,31662,207505800,7146672
5,2025-05-03 15:09:21,chrome.exe,0.0,0.483297094768267,57721,31724,207528208,7154608
5,2025-05-03 15:09:31,chrome.exe,0.0,0.483297094768267,57744,31742,207542152,7156704
5,2025-05-03 15:09:41,chrome.exe,0.0,0.483297094768267,57749,31747,207542712,7157264
5,2025-05-03 15:09:51,chrome.exe,0.0,0.483297094768267,57789,31772,207552440,7160576
5,2025-05-03 15:10:01,chrome.exe,0.0,0.483297094768267,57799,31784,207565072,7162000
5,2025-05-03 15:10:11,chrome.exe,0.0,0.483297094768267,57800,31785,207565184,7162112
5,2025-05-03 15:10:21,chrome.exe,0.0,0.48368632079717383,57869,31832,207600544,7168048
5,2025-05-03 15:10:31,chrome.exe,0.0,0.48368632079717383,57869,31832,207600544,7168048
5,2025-05-03 15:10:41,chrome.exe,0.0,0.48368632079717383,57871,31834,207600768,7168272
5,2025-05-03 15:10:51,chrome.exe,0.0,0.48368632079717383,57936,31871,207612456,7173088
5,2025-05-03 15:11:01,chrome.exe,0.0,0.48368632079717383,57936,31871,207612456,7173088
5,2025-05-03 15:11:12,chrome.exe,0.0,0.48368632079717383,57957,31884,207616608,7174976
5,2025-05-03 15:11:22,chrome.exe,0.9,0.48368632079717383,58027,31929,207631536,7180176
5,2025-05-03 15:11:32,chrome.exe,0.0,0.48368632079717383,58027,31929,207631536,7180176
5,2025-05-03 15:11:42,chrome.exe,2.5,0.48441611960137415,58299,32071,210385712,7295144
5,2025-05-03 15:11:52,chrome.exe,1.2,0.48699474204288196,59842,33004,210976888,7416360
5,2025-05-03 15:12:02,chrome.exe,0.0,0.4902545100349768,61072,33754,211431192,7513800
5,2025-05-03 15:12:12,chrome.exe,0.3,0.48553514443448137,62370,34562,211882592,7616856
5,2025-05-03 15:12:22,chrome.exe,1.6,0.49100863546598383,64240,35722,212580208,7765176
5,2025-05-03 15:12:32,chrome.exe,1.2,0.49100863546598383,66132,36892,213278400,7913336
5,2025-05-03 15:12:42,chrome.exe,2.5,0.4826402758444867,67531,37730,214143824,8082256
5,2025-05-03 15:12:52,chrome.exe,0.9,0.4840755468260806,68985,38616,215064392,8204616
5,2025-05-03 15:13:02,chrome.exe,0.0,0.48368632079717383,69912,39198,215407640,8278840
5,2025-05-03 15:13:12,chrome.exe,1.6,0.47972108062768537,71217,40015,215905976,8383776
5,2025-05-03 15:13:22,chrome.exe,0.3,0.48551081780767463,72425,40724,217090584,8474064
5,2025-05-03 15:13:32,chrome.exe,1.9,0.48551081780767463,73955,41648,217617848,8593632
5,2025-05-03 15:13:42,chrome.exe,0.3,0.4845134261086009,75471,42578,218175360,8711984
5,2025-05-03 15:13:52,chrome.exe,0.6,0.48035357292465897,76936,43471,218697648,8824240
5,2025-05-03 15:14:02,chrome.exe,0.0,0.48035357292465897,77397,43753,218864952,8859664
5,2025-05-03 15:14:12,chrome.exe,0.3,0.4845134261086009,78040,44139,219079592,8911168
5,2025-05-03 15:14:22,chrome.exe,0.3,0.4858270639561615,79488,45035,219617912,9026720
5,2025-05-03 15:14:32,chrome.exe,0.6,0.4858270639561615,81650,46373,220401248,9200096
5,2025-05-03 15:14:42,chrome.exe,0.6,0.48195913029389975,83778,47687,221177336,9367936
5,2025-05-03 15:14:52,chrome.exe,0.3,0.4826889290981001,85568,48740,221767456,9502832
5,2025-05-03 15:15:02,chrome.exe,1.2,0.47733707120063096,87663,50026,222530192,9667984
5,2025-05-03 15:15:13,chrome.exe,0.9,0.4820321101743197,88642,50622,222866128,9745968
5,2025-05-03 15:15:23,chrome.exe,0.6,0.48232402969599986,90693,51848,223587808,9903200
5,2025-05-03 15:15:33,chrome.exe,0.0,0.48232402969599986,90793,51908,223623016,9910800
5,2025-05-03 15:15:43,chrome.exe,5.0,0.4903274899153968,91110,52089,228313688,9946136
5,2025-05-03 15:15:53,chrome.exe,0.0,0.4904247964226236,91155,52099,228319288,9947256
5,2025-05-03 15:16:03,chrome.exe,0.0,0.4904247964226236,91163,52105,228323152,9947928
5,2025-05-03 15:16:13,chrome.exe,0.3,0.4904247964226236,91202,52132,228330808,9951544
5,2025-05-03 15:16:23,chrome.exe,0.0,0.4904491230494303,91280,52178,228359800,9956936
5,2025-05-03 15:16:33,chrome.exe,0.0,0.4904491230494303,91280,52178,228359800,9956936
5,2025-05-03 15:16:43,chrome.exe,0.0,0.4904491230494303,91300,52194,228362072,9959160
5,2025-05-03 15:16:53,chrome.exe,0.0,0.4904491230494303,91321,52206,228365232,9960824
5,2025-05-03 15:17:03,chrome.exe,0.0,0.4904491230494303,91332,52212,228370296,9961496
5,2025-05-03 15:17:13,chrome.exe,2.8,0.48405122019927405,91519,52324,231103872,9981632
5,2025-05-03 15:17:23,chrome.exe,0.0,0.47303125825584896,92082,52601,238151096,10028848
5,2025-05-03 15:17:33,chrome.exe,1.2,0.47906426170390504,92462,52808,241576744,10201872
5,2025-05-03 15:17:43,chrome.exe,7.5,0.4747341221323164,94039,53651,258115136,10758552
5,2025-05-03 15:17:53,chrome.exe,0.0,0.47784793036357115,94147,53704,258519440,10771792
5,2025-05-03 15:18:03,chrome.exe,0.3,0.4796481007472654,94371,53833,258685912,10786720
5,2025-05-03 15:18:13,chrome.exe,0.0,0.4804022261782723,94588,53960,258768040,10801936
5,2025-05-03 15:18:23,chrome.exe,0.0,0.481180678236086,94841,54126,258875480,10821408
5,2025-05-03 15:18:33,chrome.exe,0.0,0.4808644320875992,95053,54257,258952488,10836560
5,2025-05-03 15:18:43,chrome.exe,2.8,0.44430151199716256,95584,54547,263694648,10901552
5,2025-05-03 15:18:53,chrome.exe,0.3,0.44539621020346304,95810,54689,264914152,10924920
5,2025-05-03 15:19:03,chrome.exe,0.3,0.4409687641246477,96205,54908,267020568,11030896
5,2025-05-03 15:19:14,chrome.exe,0.0,0.4409687641246477,96403,55036,267100616,11046304
5,2025-05-03 15:19:24,chrome.exe,0.0,0.4412606836463278,96667,55200,267208728,11065232
5,2025-05-03 15:19:34,chrome.exe,0.0,0.4411147238854878,96939,55370,267412160,11153792
5,2025-05-03 15:19:44,chrome.exe,0.6,0.44189317594330146,97184,55532,267516656,11173008
5,2025-05-03 15:19:54,chrome.exe,0.0,0.44189317594330146,97192,55540,267522152,11173984
5,2025-05-03 15:20:04,chrome.exe,0.0,0.44189317594330146,97253,55580,267537888,11178624
5,2025-05-03 15:20:14,chrome.exe,0.3,0.44269595462792183,97419,55685,267595560,11191216
5,2025-05-03 15:20:24,chrome.exe,0.0,0.44308518065682867,97553,55766,267642528,11200768
5,2025-05-03 15:20:34,chrome.exe,0.0,0.44308518065682867,97661,55846,267694064,11210128
5,2025-05-03 15:20:44,chrome.exe,0.0,0.44327979367128206,97908,55995,267798048,11228264
5,2025-05-03 15:20:54,chrome.exe,0.0,0.44327979367128206,98001,56057,267829960,11235368
5,2025-05-03 15:21:04,chrome.exe,0.3,0.44327979367128206,98090,56112,267869112,11241768
5,2025-05-03 15:21:14,chrome.exe,0.0,0.44327979367128206,98377,56288,267972872,11262872
5,2025-05-03 15:21:24,chrome.exe,0.3,0.44486102441371617,98539,56397,268039808,11275800
5,2025-05-03 15:21:34,chrome.exe,0.0,0.44486102441371617,98545,56404,268040480,11276584
5,2025-05-03 15:21:44,chrome.exe,2.8,0.4501642290575719,99144,56740,274812848,11406768
5,2025-05-03 15:21:54,chrome.exe,0.9,0.4537159165713468,99424,56875,277172512,11527024
5,2025-05-03 15:22:04,chrome.exe,0.0,0.4541051426002537,99443,56887,277176704,11528608
5,2025-05-03 15:22:14,chrome.exe,1.2,0.4534969769300868,99630,56993,279932136,11548464
5,2025-05-03 15:22:24,chrome.exe,3.1,0.455516086955041,100120,57292,285445672,11612040
5,2025-05-03 15:22:34,chrome.exe,0.0,0.4411633771391011,100652,57595,289753896,11812000
5,2025-05-03 15:22:44,chrome.exe,0.6,0.4383658150563332,100693,57619,290147328,11876472
5,2025-05-03 15:22:54,chrome.exe,0.0,0.4399470457987672,100769,57657,290545760,11888008
5,2025-05-03 15:23:04,chrome.exe,0.0,0.4334518364413843,100775,57665,290546432,11888904
5,2025-05-03 15:23:15,chrome.exe,0.0,0.43359779620222433,100796,57678,290551784,11890792
5,2025-05-03 15:23:25,chrome.exe,0.0,0.43376808258987104,100837,57698,290557800,11893032
5,2025-05-03 15:23:35,chrome.exe,0.0,0.4337924092166778,100843,57706,290558472,11893928
5,2025-05-03 15:23:45,chrome.exe,0.6,0.4266403809355145,100873,57725,290562216,11896704
5,2025-05-03 15:23:55,chrome.exe,0.0,0.4266403809355145,100873,57725,290562216,11896704
5,2025-05-03 15:24:05,chrome.exe,0.0,0.42666470756232117,100879,57732,290562888,11897488
5,2025-05-03 15:24:15,chrome.exe,0.0,0.42671336081593453,100927,57759,290572840,11901104
5,2025-05-03 15:24:25,chrome.exe,0.0,0.42671336081593453,100950,57771,290577136,11902688
5,2025-05-03 15:24:35,chrome.exe,0.0,0.4267376874427412,100969,57784,290581672,11904144
5,2025-05-03 15:24:45,chrome.exe,0.0,0.42678634069635457,100984,57792,290583272,11905472
5,2025-05-03 15:24:55,chrome.exe,0.0,0.42678634069635457,100984,57792,290583272,11905472
